Ticker,HitRate,AvgReturn,TotalReturn,MaxDrawdown
CEG,0.30833333333333335,0.002612388151356464,0.624360768174195,0.15830641302942314
CZR,0.26322751322751325,0.002147128648862685,1.6210821298913272,0.26995582039300636
NCLH,0.2261904761904762,0.0019131563282034762,1.4444330277936246,0.4175280814786331
TSLA,0.28174603174603174,0.0014350768861032626,1.0834830490079632,0.3896802311982823
CRWD,0.28703703703703703,0.0013927595123842033,1.0515334318500735,0.4796833391423527
EQT,0.24603174603174602,0.0013466122500731504,1.0166922488052286,0.288258662077334
XYZ,0.25132275132275134,0.0012559775128193479,0.9482630221786077,0.3090715040761657
SMCI,0.2791005291005291,0.0012011336959296256,0.9068559404268673,0.24393095241692064
MRNA,0.23412698412698413,0.0011482847742012433,0.8669550045219387,0.4317741050770579
APA,0.26587301587301587,0.0010970356207425154,0.8282618936605991,0.4391073085277217
FANG,0.2724867724867725,0.0010969404487533127,0.8281900388087512,0.42654922656553484
TRGP,0.2804232804232804,0.001058158771063425,0.7989098721528859,0.4401378012975923
VTR,0.2698412698412698,0.0010199999873497152,0.770099990449035,0.34849014399415024
OXY,0.23677248677248677,0.0009517084015244846,0.7185398431509858,0.37930903550412265
UAL,0.23015873015873015,0.0009499174342099822,0.7171876628285365,0.3246917610401133
STZ,0.28703703703703703,0.0009305767114756998,0.7025854171641533,0.10052172386754898
FSLR,0.2552910052910053,0.0009189738622259466,0.6938252659805897,0.24477529069613563
TTD,0.2804232804232804,0.0008876400612434613,0.6701682462388133,0.2837900259054279
DELL,0.24206349206349206,0.0008580366603643095,0.6478176785750537,0.1857839990407415
DVN,0.25925925925925924,0.0008453659459207605,0.6382512891701742,0.21994706136761172
SPG,0.2619047619047619,0.0008411400049847843,0.6350607037635121,0.24578596441449985
PFG,0.2671957671957672,0.0008408245772052445,0.6348225557899596,0.16046387960455988
IRM,0.2751322751322751,0.0008307673078971563,0.627229317462353,0.12938516264581046
PANW,0.27116402116402116,0.0008230274315217637,0.6213857107989316,0.17255486276173515
PARA,0.2526455026455027,0.0007984237904447174,0.6028099617857616,0.5545957745476041
RCL,0.21296296296296297,0.0007851293163887399,0.5927726338734987,0.24824760458137196
AXON,0.28835978835978837,0.0007845784780838327,0.5923567509532937,0.2581363728841936
AME,0.2962962962962963,0.0007678727337433024,0.5797439139761933,0.1166450050251367
BKR,0.25132275132275134,0.0007454709146395367,0.5628305405528502,0.335565954961078
CAT,0.2777777777777778,0.0007319580099607675,0.5526282975203795,0.12152639092747097
CRL,0.2526455026455027,0.0007285969949122814,0.5500907311587725,0.15155914168744544
EBAY,0.2552910052910053,0.0007207974164534838,0.5442020494223803,0.19621814127651993
CI,0.2605820105820106,0.0007007002461118134,0.5290286858144191,0.14567851419624034
WYNN,0.21031746031746032,0.0006869152321426702,0.518621000267716,0.23911156383623078
DECK,0.2777777777777778,0.0006841032802024075,0.5164979765528177,0.41272843053156083
PAYC,0.2751322751322751,0.0006701377501997475,0.5059540014008094,0.2894685408995756
WAB,0.26322751322751325,0.0006642667667768237,0.5015214089165019,0.10295986237260751
GEHC,0.18181818181818182,0.000655178448199,0.00655178448199,0.0
URI,0.2791005291005291,0.0006434537161407599,0.4858075556862737,0.1591248133208788
MGM,0.23148148148148148,0.000636287362579279,0.48039695874735566,0.30725841216515654
HAL,0.23412698412698413,0.0006356631674356923,0.47992569141394775,0.2893602447282471
AJG,0.30423280423280424,0.0006320749707265618,0.47721660289855417,0.13222877138697964
PM,0.2896825396825397,0.0006294662717370906,0.4752470351615034,0.07191541541037091
WELL,0.24867724867724866,0.0006249878604477473,0.4718658346380492,0.36788550543311066
FFIV,0.24867724867724866,0.0006189377906523921,0.46729803194255604,0.225232695372179
AIG,0.26587301587301587,0.0006092947938820659,0.4600175693809597,0.3156050631164627
TGT,0.27380952380952384,0.0006090891248943856,0.4598622892952611,0.1994089934883081
HLT,0.25132275132275134,0.0006001136847625255,0.4530858319957068,0.14601186234675284
FTNT,0.2896825396825397,0.0005955585130414792,0.44964667734631686,0.26191704417843037
HII,0.25925925925925924,0.0005926639861585277,0.4474613095496884,0.07420956313220689
XOM,0.27116402116402116,0.0005904836986748219,0.44581519249949053,0.2055476872320876
WRB,0.27116402116402116,0.0005855298687023933,0.44207505087030696,0.13667201836302945
LH,0.2791005291005291,0.000584828690853589,0.4415456615944597,0.1649433335661129
COP,0.2605820105820106,0.0005840424648144176,0.4409520609348853,0.24215926088499098
IT,0.2791005291005291,0.0005688167552418133,0.429456650207569,0.2905111178905396
TAP,0.2804232804232804,0.000560786008463883,0.4233934363902317,0.14572354219700034
ADM,0.28835978835978837,0.00055718101480434,0.42067166617727664,0.1562357589909934
COO,0.2619047619047619,0.0005567946788592325,0.42037998253872055,0.10560648868541711
UBER,0.23544973544973544,0.0005486111024472727,0.41420138234769094,0.3896344540226216
CVS,0.25396825396825395,0.0005466545988068242,0.41272422209915227,0.17300201094997691
MOS,0.26851851851851855,0.0005422107960471065,0.4093691510155654,0.4547747521161977
ENPH,0.29365079365079366,0.0005402218977359453,0.4078675327906387,0.65262189321447
NRG,0.26322751322751325,0.0005368542661669713,0.40532497095606335,0.12913101089792217
LYB,0.2526455026455027,0.0005331746832951118,0.40254688588780935,0.22283258996723038
WY,0.26851851851851855,0.0005331552919780655,0.40253224544343946,0.26545599130064823
KR,0.2698412698412698,0.0005313189461634076,0.40114580435337277,0.1593705763918091
O,0.2857142857142857,0.0005239354548369709,0.39557126840191303,0.16611397040933196
TT,0.28835978835978837,0.0005112634282071939,0.3860038882964314,0.24552661015098362
MAR,0.25396825396825395,0.0005097495389044595,0.3848609018728669,0.16112955432750486
SYY,0.23809523809523808,0.0005063912282769395,0.38232537734908933,0.3395909342745878
ACGL,0.27645502645502645,0.0005055698773719548,0.3817052574158259,0.2419306243243199
CPRT,0.26587301587301587,0.0004955238456233931,0.37412050344566183,0.1466306445270571
SLB,0.24735449735449735,0.0004908844560314635,0.3706177643037549,0.3348120087892959
GM,0.23809523809523808,0.0004897938327920443,0.36979434375799347,0.31667571388476873
JNJ,0.2605820105820106,0.00048697460434416574,0.3676658262798451,0.05742218461535359
DRI,0.24603174603174602,0.00048536337613754455,0.3664493489838461,0.2897275376797263
CVX,0.2777777777777778,0.000482422483041503,0.36422897469633475,0.22829181886970784
ARE,0.2777777777777778,0.00047950196699877317,0.36202398508407374,0.09630384503090719
BX,0.29365079365079366,0.0004789960320347464,0.36164200418623355,0.46723418787226295
LW,0.2605820105820106,0.00047257990875057836,0.35679783110668667,0.42653293424816724
PTC,0.2698412698412698,0.00046749900866367933,0.3529617515410779,0.1969869749982883
MCK,0.28835978835978837,0.00046651218772797404,0.3522167017346204,0.12323590991845579
EW,0.27645502645502645,0.0004634814558613117,0.34992849917529034,0.1334236768992815
C,0.2275132275132275,0.0004607821607993866,0.3478905314035369,0.16023714097145275
BMY,0.2619047619047619,0.00046040246291707333,0.34760385950239037,0.11138736809705735
PCG,0.23148148148148148,0.00045572686067400954,0.3440737798088772,0.26351241238856615
BA,0.2156084656084656,0.000450615763115538,0.3402149011522312,0.3219163255708401
DXCM,0.2791005291005291,0.00045003594521603657,0.3397771386381076,0.3096969239370028
INVH,0.22883597883597884,0.00044908178437689996,0.33905674720455947,0.16075007512082207
XYL,0.25925925925925924,0.00044125187992431617,0.3331451693428587,0.11379074160919142
DG,0.2526455026455027,0.00043799283596141267,0.33068459115086657,0.12093289552716188
CRM,0.25793650793650796,0.0004373099057141123,0.3301689788141548,0.2174025130344439
BLDR,0.2830687830687831,0.00043586286911780417,0.32907646618394215,0.31590019725058033
CAH,0.2698412698412698,0.00043525768607950336,0.32861955299002504,0.20881903277463082
JPM,0.23941798941798942,0.0004347485856717142,0.3282351821821442,0.1532065436474715
SRE,0.27380952380952384,0.0004338926465959512,0.32758894817994316,0.2000965485555946
F,0.2222222222222222,0.0004254765735891673,0.3212348130598213,0.26897336089231116
LLY,0.27116402116402116,0.00042247766577385113,0.3189706376592576,0.2181391874223912
HST,0.2447089947089947,0.0004216334688440085,0.3183332689772264,0.2718205742191719
CLX,0.2804232804232804,0.0004215599284027748,0.31827774594409497,0.15692344562427843
PLTR,0.23591549295774647,0.00040979783171685787,0.2323553705834584,0.5616196254712298
CARR,0.27311522048364156,0.0004092962460801892,0.2873259647482928,0.21450572889537523
VTRS,0.2156084656084656,0.00040700246503796083,0.30728686110366044,0.16900811531965906
LDOS,0.2698412698412698,0.0004045667512196642,0.30544789717084647,0.13388441223587377
MET,0.26455026455026454,0.00040130695452310995,0.302986750664948,0.23342352096133553
IFF,0.23809523809523808,0.0003948666002890086,0.2981242832182015,0.2129568616514762
CF,0.2619047619047619,0.00039426045963805045,0.29766664702672807,0.29328256459922486
HOLX,0.2605820105820106,0.00039213443456771014,0.29606149809862115,0.1642771241928742
PCAR,0.2671957671957672,0.00038970366507403445,0.294226267130896,0.16280498829148332
NUE,0.2724867724867725,0.0003891635311448952,0.2938184660143959,0.2895718394256699
DDOG,0.26322751322751325,0.00038574801763415606,0.2912397533137878,0.4191411403153211
RJF,0.27645502645502645,0.0003843867608987435,0.29021200447855133,0.2055598871302975
MO,0.2896825396825397,0.00038197885363505765,0.28839403449446854,0.11350367718242814
CTVA,0.26851851851851855,0.0003812832148546852,0.28786882721528734,0.13250307928576832
ODFL,0.2923280423280423,0.00038072428373339164,0.2874468342187107,0.24529862423743803
USB,0.24206349206349206,0.0003798747433601752,0.2868054312369323,0.18962980870971732
DLTR,0.24074074074074073,0.00037694387438930995,0.284592625163929,0.2239638795726003
AZO,0.2777777777777778,0.00037583923229714944,0.28375862038434785,0.1114570764104959
CMG,0.25793650793650796,0.0003755293220399947,0.283524638140196,0.1456889885026958
TPL,0.26322751322751325,0.0003745053920088871,0.2827515709667098,0.5335301751802214
AMT,0.25793650793650796,0.00037135551083259836,0.28037341067861177,0.18783233986508213
HON,0.28174603174603174,0.0003679852402362828,0.2778288563783935,0.2131490685058623
LIN,0.25925925925925924,0.00036777356116661074,0.2776690386807911,0.15858026761744876
CB,0.24735449735449735,0.0003657786002907388,0.2761628432195078,0.17245541587079355
HSY,0.2619047619047619,0.0003655513932966198,0.27599130193894794,0.09176890824024075
COST,0.28703703703703703,0.00036386736094689686,0.27471985751490713,0.14277998244130502
LOW,0.30158730158730157,0.00036286891393823376,0.2739660300233665,0.32152891375825776
ORLY,0.2843915343915344,0.000362150338708407,0.2734235057248473,0.1041022542199573
VICI,0.25793650793650796,0.00035973920231098186,0.2716030977447913,0.16966087938004915
EQR,0.2261904761904762,0.0003560081787697324,0.268786174971148,0.14511997840493684
PWR,0.27645502645502645,0.0003558801259279309,0.2686894950755878,0.2230091323974362
AES,0.2698412698412698,0.00035542667172823174,0.26834713715481495,0.3037057453658132
MNST,0.2605820105820106,0.0003520462107034932,0.26579488908113735,0.12605172135570913
CTRA,0.25,0.0003445679700307573,0.26014881737322176,0.4073154007615112
FCX,0.23412698412698413,0.00034350725279773566,0.2593479758622904,0.41321399526142716
RSG,0.294973544973545,0.00033477052588720127,0.25275174704483694,0.1101586656182223
T,0.2447089947089947,0.00033087897531517395,0.24981362636295634,0.1686537868473006
MLM,0.23941798941798942,0.0003264672718214003,0.24648279022515723,0.23127858525018985
SNA,0.26455026455026454,0.0003260567704919226,0.24617286172140157,0.12995534441592993
CPT,0.2843915343915344,0.0003248818241932444,0.24528577726589954,0.2008508423245981
APD,0.2619047619047619,0.0003241451450036734,0.24472958447777343,0.29291423100368186
LULU,0.2698412698412698,0.0003216517147926818,0.24284704466847476,0.29099768602380993
EPAM,0.2698412698412698,0.0003173404933666238,0.23959207249180098,0.3033260292508364
MSI,0.26322751322751325,0.00031638145517350654,0.23886799865599742,0.21742585159568623
ON,0.2751322751322751,0.0003153842782085109,0.23811513004742574,0.5352568777658905
BRO,0.30952380952380953,0.0003137330943609178,0.23686848624249296,0.2214899927022468
RVTY,0.291005291005291,0.00030911014992647236,0.23337816319448662,0.2652159171785816
PSA,0.2857142857142857,0.00030294512306193623,0.22872356791176185,0.15014992372180974
DVA,0.2698412698412698,0.00030292638687355567,0.22870942208953454,0.14788468508470037
HUM,0.25396825396825395,0.00030153154139320973,0.22765631375187334,0.19943870351176735
EXE,0.27044025157232704,0.00030133429472897674,0.14343512429099292,0.23586583497744423
PGR,0.2671957671957672,0.00030130838218469017,0.22748782854944108,0.10808422568838333
WMB,0.2777777777777778,0.0003010018582326232,0.22725640296563054,0.24706102632166815
AMZN,0.2671957671957672,0.00030058815660936156,0.22694405824006797,0.3198535794954106
MS,0.26587301587301587,0.0003002931018069613,0.22672129186425577,0.13612222834590704
A,0.28703703703703703,0.00029898667548912465,0.2257349399942891,0.12981498828120291
PFE,0.22354497354497355,0.00029589400191815834,0.22339997144820953,0.1301693984345028
UDR,0.27645502645502645,0.00029485919195650035,0.22261868992715775,0.24390855930156674
FE,0.2976190476190476,0.0002938473827837095,0.22185477400170067,0.13814828978145757
NTAP,0.2791005291005291,0.0002936153967675301,0.22167962455948526,0.24474482708044543
APO,0.26322751322751325,0.0002913994333747727,0.2200065721979534,0.32301420822573784
NDAQ,0.2724867724867725,0.00028905233382832375,0.2182345120403844,0.09977890556763092
UHS,0.25396825396825395,0.0002845886459134061,0.2148644276646216,0.17621255947905537
DHR,0.28703703703703703,0.00028310765746468664,0.21374628138583843,0.15268043543093224
TDG,0.27380952380952384,0.00027923707009808077,0.210823987924051,0.23517987459699202
EG,0.26587301587301587,0.0002787387536538132,0.21044775900862894,0.15088345412773965
EXPE,0.24206349206349206,0.0002768759416158984,0.2090413359200033,0.5768213864373217
FDX,0.2671957671957672,0.00027394630585458163,0.20682946092020915,0.3436693265046773
ISRG,0.2962962962962963,0.00026916587752539206,0.203220237531671,0.2581649297916378
AVB,0.25793650793650796,0.0002684077645605216,0.20264786224319378,0.16922097116937962
KO,0.2896825396825397,0.00026805901792460805,0.20238455853307907,0.1296711944063615
AWK,0.2830687830687831,0.0002656070505742886,0.20053332318358788,0.19718243421136744
DGX,0.29894179894179895,0.00026354088132208095,0.19897336539817112,0.20066152204268248
KLAC,0.2605820105820106,0.00026113030627521714,0.19715338123778894,0.3037376521454665
PODD,0.2791005291005291,0.0002610087114881551,0.19706157717355707,0.21768173785694933
REG,0.24603174603174602,0.00026062253549366445,0.19677001429771668,0.3016571341513896
DD,0.2447089947089947,0.00026044674995833546,0.19663729621854328,0.3010614077779303
MSCI,0.28174603174603174,0.00025905785456537315,0.1955886801968567,0.22691407265292918
EXR,0.2804232804232804,0.0002567619261712611,0.1938552542593021,0.30128130359045713
BAC,0.2566137566137566,0.00025411925980835405,0.1918600411553073,0.17351197836797047
ALLE,0.2619047619047619,0.00025300432985461355,0.19101826904023322,0.22605198407756041
AXP,0.26322751322751325,0.00025220573827336874,0.19041533239639338,0.14198998336163635
WSM,0.2923280423280423,0.00024919619503243695,0.1881431272494899,0.554028083820719
ROL,0.2724867724867725,0.0002482750846238614,0.18744768889101537,0.15309420381369312
UNH,0.2804232804232804,0.00024649179954084005,0.18610130865333424,0.1312569511124235
ROK,0.2619047619047619,0.0002443358942431652,0.1844736001535897,0.16806053631172246
ALB,0.2896825396825397,0.00024248773425853028,0.18307823936519035,0.2810127473380225
DE,0.27380952380952384,0.0002421844790053528,0.18284928164904135,0.1568420586254644
PH,0.2447089947089947,0.00023773933515324123,0.17949319804069713,0.1497794789502056
GNRC,0.25132275132275134,0.00023657404836584066,0.1786134065162097,0.46400370463652707
MRK,0.25,0.00023549617320851112,0.1777996107724259,0.07290870986639549
AEP,0.2962962962962963,0.00023303562268881808,0.17594189513005765,0.19624471546682262
NEE,0.2724867724867725,0.00022910868242631644,0.1729770552318689,0.18406207284443069
MCD,0.25,0.0002262784758865151,0.1708402492943189,0.1085559812356563
MKTX,0.2261904761904762,0.00022323990305137957,0.16854612680379158,0.29920082097415346
CTAS,0.28703703703703703,0.00022277182030136942,0.1681927243275339,0.17430735863281882
WAT,0.2566137566137566,0.00022139538765918824,0.16715351768268713,0.25295842979705013
DLR,0.26455026455026454,0.00021750153157575362,0.16421365633969398,0.20464002028043532
HRL,0.27645502645502645,0.00021101223903860117,0.1593142404741439,0.15000239675727806
CNP,0.27380952380952384,0.00021018827012335897,0.15869214394313602,0.30157531698838297
AMP,0.26322751322751325,0.00020930427340234485,0.15802472641877036,0.30918113199213343
TER,0.24603174603174602,0.00020757725546311523,0.156720827874652,0.26299325730355655
STE,0.27116402116402116,0.00020746735620312326,0.15663785393335805,0.19411791226758507
FICO,0.26322751322751325,0.00020745907862011946,0.15663160435819018,0.38179307800490514
BG,0.291005291005291,0.0002051628715386053,0.154897968011647,0.2149261595165166
LII,0.25132275132275134,0.00020247072671589683,0.1528653986705021,0.23379879113553148
GS,0.24603174603174602,0.00020231652167180774,0.15274897386221484,0.16179095748850436
WDAY,0.2698412698412698,0.0002020573570302565,0.15255330455784366,0.43287366281414763
HSIC,0.2671957671957672,0.0002019005764802974,0.15243493524262453,0.12482441074506259
FDS,0.2976190476190476,0.00020057830770270647,0.1514366223155434,0.3466717252130283
APTV,0.25132275132275134,0.0001991347399822701,0.15034672868661392,0.34455639434896196
CHRW,0.28174603174603174,0.00019694989280901986,0.14869716907081,0.16221355340371796
FAST,0.28174603174603174,0.000194075575701654,0.14652705965474877,0.14125141600340324
PHM,0.26851851851851855,0.000191127657553199,0.14430138145266524,0.43092296435210686
TRMB,0.25396825396825395,0.00018920508736048686,0.14284984095716757,0.26625965617527836
WM,0.29365079365079366,0.0001873958345258023,0.14148385506698075,0.126467254906573
BKNG,0.25132275132275134,0.00018736542745880928,0.141460897731401,0.3297363307343095
PPL,0.2526455026455027,0.00018360225259138042,0.1386197007064922,0.2424755200259489
WFC,0.23544973544973544,0.000181476394798641,0.13701467807297396,0.20558741583454063
IPG,0.2605820105820106,0.00017912034148939645,0.13523585782449432,0.43523217706240835
NVDA,0.2843915343915344,0.00017867258630376568,0.1348978026593431,0.2856106784541858
TDY,0.28703703703703703,0.0001783541189886096,0.13465735983640026,0.22899121799205988
CSGP,0.2328042328042328,0.00017575395793793536,0.1326942382431412,0.22720294269943675
AAPL,0.24867724867724866,0.00017482582519059596,0.13199349801889995,0.2963744980975417
RL,0.2698412698412698,0.00017446921498160314,0.13172425731111037,0.22254173539973027
MA,0.25925925925925924,0.000172748371566477,0.13042502053269012,0.1893844676375205
YUM,0.2804232804232804,0.0001705006859251405,0.12872801787348107,0.1186577276944103
OKE,0.2619047619047619,0.00016942311660784906,0.12791445303892604,0.2945790610225087
ATO,0.2698412698412698,0.00016889724175448098,0.12751741752463314,0.1774140495934148
LRCX,0.24867724867724866,0.00016848482539948912,0.1272060431766143,0.35098199609499586
ESS,0.2724867724867725,0.00016804494127250263,0.1268739306607395,0.27397983406523185
ANET,0.2552910052910053,0.00016738580627731234,0.12637628373937082,0.20144197100946282
GDDY,0.25396825396825395,0.00016734650930453097,0.12634661452492088,0.20522703775193948
BXP,0.24206349206349206,0.00016621735619174615,0.12549410392476834,0.20932597021528787
IQV,0.2671957671957672,0.0001634332622337228,0.12339211298646072,0.15567881882804985
JBL,0.26587301587301587,0.00016221359238974316,0.12247126225425609,0.33985163109198757
CCL,0.20502645502645503,0.0001593124033330428,0.12028086451644732,0.46245987804370736
INTU,0.2777777777777778,0.00015918263010706354,0.12018288573083297,0.2974165320600076
NWSA,0.2552910052910053,0.0001571418661470844,0.11864210894104874,0.3620872213185801
TYL,0.25132275132275134,0.00015619035506394201,0.11792371807327623,0.16780919986011872
ABNB,0.22393822393822393,0.00015497097122168206,0.08011999212160963,0.18078217512594974
ED,0.2724867724867725,0.0001548806011730166,0.11693485388562752,0.17819523232508128
PNR,0.2698412698412698,0.00015470620194338642,0.11680318246725674,0.35146181199389553
EFX,0.26851851851851855,0.00015401674805828294,0.11628264478400363,0.3569117353711161
UPS,0.25925925925925924,0.00015013689332369736,0.11335335445939151,0.19492662166993802
GL,0.2526455026455027,0.00014830437432412772,0.11196980261471644,0.21687375279870375
ETN,0.2566137566137566,0.00014816109502074245,0.11186162674066055,0.26383158240191706
DIS,0.20634920634920634,0.000147978649777246,0.11172388058182074,0.17424467639729413
MAA,0.2671957671957672,0.00014524972521420818,0.10966354253672718,0.1604220031239839
PYPL,0.24735449735449735,0.00014315236057419096,0.10808003223351417,0.36076251362662654
TECH,0.25132275132275134,0.00014252170015713352,0.10760388361863582,0.28467258858798217
ERIE,0.2698412698412698,0.00013813939548206725,0.10429524358896078,0.17769875364898463
PLD,0.2962962962962963,0.00013805286544212053,0.104229913408801,0.28553099820319466
CMS,0.2777777777777778,0.00013765178458240783,0.10392709735971792,0.21889450449965175
MMC,0.28835978835978837,0.00013328223910069354,0.10062809052102362,0.1524901117538951
OMC,0.25,0.00013203080251338983,0.09968325589760932,0.26848812033379343
ABBV,0.2923280423280423,0.0001305330487407909,0.09855245179929713,0.15925367198973456
SBAC,0.26455026455026454,0.00012905517682926623,0.09743665850609601,0.37743129644418144
KMB,0.24338624338624337,0.00012818300639722238,0.0967781698299029,0.0985498637534492
ES,0.23677248677248677,0.0001254424212495248,0.09470902804339121,0.2728934833323845
BLK,0.29365079365079366,0.00012343251146144395,0.09319154615339019,0.15818079184957856
RF,0.24206349206349206,0.00012039156699314008,0.09089563307982076,0.42100411280272676
SJM,0.3029100529100529,0.00011649938277218851,0.08795703399300232,0.21962063339030896
ELV,0.25,0.00011577022522149508,0.08740652004222879,0.2726355588418744
PNW,0.2619047619047619,0.0001143922237843976,0.08636612895722019,0.26143614460892395
ABT,0.25396825396825395,0.0001142004743273036,0.08622135811711422,0.18025606222864993
EXC,0.2804232804232804,0.00011340441781632341,0.08562033545132418,0.13606793200177558
AFL,0.28835978835978837,0.00011295799275643852,0.08528328453111109,0.2274980994773938
CL,0.2698412698412698,0.00011204465215204596,0.0845937123747947,0.09956662051629861
MCO,0.27645502645502645,0.00011011376933170089,0.08313589584543417,0.2080302024496079
ALL,0.2671957671957672,0.0001087896656437154,0.08213619756100513,0.20112366454742087
CDW,0.2526455026455027,0.000106666699564086,0.08053335817088493,0.22373349903960058
DOV,0.2804232804232804,0.00010501447391922436,0.07928592780901439,0.23623804721597824
ICE,0.2605820105820106,0.00010439101275587461,0.07881521463068533,0.18076044824605678
GE,0.22883597883597884,0.00010371350030151074,0.07830369272764061,0.3039389404589674
PPG,0.26322751322751325,9.026069518713458e-05,0.0681468248662866,0.19258894708205404
TJX,0.2526455026455027,8.646103816303837e-05,0.06527808381309397,0.22880720588370043
GRMN,0.25132275132275134,8.367287349177393e-05,0.06317301948628931,0.20469278898369195
SO,0.26587301587301587,7.776882002668107e-05,0.05871545912014421,0.21586318746355057
MTD,0.3002645502645503,7.68426944443699e-05,0.05801623430549927,0.2167182013565993
NDSN,0.24867724867724866,7.647225998716414e-05,0.057736556290308924,0.18516955338918803
NWS,0.24735449735449735,7.557528470514723e-05,0.05705933995238616,0.31655774983692714
BBWI,0.2275132275132275,7.229173248892856e-05,0.05458025802914107,0.4034286502312713
LNT,0.26322751322751325,7.069833059567683e-05,0.053377239599736004,0.22080017311376704
RTX,0.24735449735449735,6.834558100846088e-05,0.05160091366138796,0.19507283306684164
TROW,0.2751322751322751,6.794945063865963e-05,0.05130183523218802,0.2209656737145787
AIZ,0.2923280423280423,6.476707220505431e-05,0.048899139514816004,0.33801926146017003
GIS,0.2830687830687831,6.393153620416676e-05,0.0482683098341459,0.2408506972303693
UNP,0.2791005291005291,6.261564996239442e-05,0.047274815721607785,0.12480827669758872
MHK,0.23412698412698413,5.80971942048125e-05,0.043863381624633435,0.4026689480586969
ROP,0.2857142857142857,5.789866014627731e-05,0.04371348841043937,0.2515633756387853
DTE,0.25396825396825395,5.2803901766806405e-05,0.039866945833938836,0.18663289380032008
KIM,0.26587301587301587,5.1976261508528236e-05,0.039242077438938816,0.3802964575841354
DOW,0.24603174603174602,5.1482097146029135e-05,0.038868983345251996,0.33630132957038567
LYV,0.22354497354497355,5.1157988341692245e-05,0.038624281197977645,0.536942382004121
TXT,0.25132275132275134,5.081859394416759e-05,0.03836803842784653,0.35123571069961046
HUBB,0.26455026455026454,5.063500975050347e-05,0.03822943236163012,0.2086704152235475
AMGN,0.23809523809523808,5.030504437200183e-05,0.03798030850086138,0.1568344561589911
APH,0.2804232804232804,4.8053605309320695e-05,0.036280472008537124,0.29901180669983723
LUV,0.2275132275132275,4.325348263772833e-05,0.032656379391484885,0.22468900895573946
LMT,0.2724867724867725,4.232685173779794e-05,0.031956773062037445,0.1968221936894307
IDXX,0.28703703703703703,4.0665460571546055e-05,0.03070242273151727,0.16315247392922194
XEL,0.27116402116402116,3.9230900523968785e-05,0.02961932989559643,0.2723700110679881
COF,0.2526455026455027,3.9063892131664565e-05,0.029493238559406748,0.3619073315466956
NEM,0.24074074074074073,3.6145382231232485e-05,0.027289763584580524,0.23314083785307788
V,0.26851851851851855,3.606735756410254e-05,0.027230854960897416,0.17891683432267141
WST,0.2896825396825397,3.55559087435369e-05,0.026844711101370364,0.21457234229937308
EL,0.26851851851851855,3.417192336225831e-05,0.025799802138505024,0.4342287001849247
DPZ,0.23809523809523808,3.2809030002672734e-05,0.024770817652017912,0.27740487509548917
ECL,0.2605820105820106,3.033010439567372e-05,0.022899228818733658,0.369208121096082
FTV,0.24206349206349206,3.0146042402648215e-05,0.022760262013999402,0.35119683215025715
CCI,0.27380952380952384,2.8699575130905798e-05,0.021668179223833878,0.24718166642543493
MDLZ,0.26455026455026454,2.7184468467855836e-05,0.020524273693231156,0.10791956781072601
HPQ,0.28835978835978837,2.5026122785729003e-05,0.018894722703225397,0.33537111106782147
KMI,0.24603174603174602,1.8125861037936497e-05,0.013685025083642055,0.2360536560334307
STX,0.2671957671957672,1.5039782776189992e-05,0.011355035996023444,0.38943339877768396
SNPS,0.27380952380952384,1.1297036410307766e-05,0.008529262489782363,0.34362751856593526
STT,0.24867724867724866,9.28037230130094e-06,0.00700668108748221,0.19083634089071067
AON,0.2724867724867725,8.853800587976655e-06,0.006684619443922374,0.21163788806466802
NSC,0.26455026455026454,8.3329067545701e-06,0.0062913445997004255,0.18674656339142087
EA,0.2671957671957672,6.7072293743310145e-06,0.005063958177619916,0.15930633637893718
IEX,0.2777777777777778,6.531638537764954e-06,0.0049313870960125405,0.25243264944027405
WDC,0.22354497354497355,5.344896356661557e-06,0.004035396749279475,0.25820359125540754
DHI,0.2619047619047619,4.038855964467251e-06,0.003049336253172774,0.42993253224635564
GD,0.2777777777777778,1.9052048770254845e-06,0.0014384296821542408,0.2055776828636454
REGN,0.24735449735449735,1.4895767077427293e-06,0.0011246304143457606,0.26745594844951
ADP,0.26587301587301587,-9.80775853935e-07,-0.000740485769720925,0.20075919267241882
TEL,0.26455026455026454,-2.344821959495963e-06,-0.0017703405794194521,0.2082514670116863
HD,0.2830687830687831,-3.238016797424378e-06,-0.002444702682055405,0.25277839480460845
CHD,0.2671957671957672,-4.616542047872998e-06,-0.0034854892461441134,0.17079214625193145
CAG,0.26455026455026454,-5.889489756069971e-06,-0.004446564765832828,0.15284206504131392
WBD,0.24603174603174602,-7.4505044413269145e-06,-0.005625130853201821,0.8734431820546311
MPC,0.2619047619047619,-1.3605224601298813e-05,-0.010271944573980604,0.4836874207264944
VRSK,0.2830687830687831,-1.3936877834217833e-05,-0.010522342764834464,0.15047827680427747
DAL,0.21428571428571427,-1.5803824626621434e-05,-0.011931887593099183,0.3697204988145562
HCA,0.23941798941798942,-2.0653032805344426e-05,-0.015593039768035041,0.29264966884488997
KEYS,0.27380952380952384,-2.6081244532966853e-05,-0.019691339622389975,0.23057712623501514
BDX,0.2552910052910053,-2.8621447465011163e-05,-0.021609192836083427,0.15049514136390033
MTB,0.26322751322751325,-2.8772833079524603e-05,-0.021723488975041075,0.30500307991992165
PEP,0.291005291005291,-3.1282134902241006e-05,-0.02361801185119196,0.1702288684879492
AVY,0.2552910052910053,-3.5261987065752396e-05,-0.026622800234643057,0.32662535758139843
PEG,0.25925925925925924,-3.906432562205493e-05,-0.029493565844651473,0.3141995450786267
SBUX,0.23941798941798942,-4.1117851730686684e-05,-0.031043978056668448,0.152540235018047
EQIX,0.2671957671957672,-4.127828220378161e-05,-0.031165103063855115,0.3105637052241959
IVZ,0.24206349206349206,-4.138323307806724e-05,-0.03124434097394077,0.4295855108579813
HIG,0.24074074074074073,-4.183050697134708e-05,-0.031582032763367046,0.3839032046896553
KDP,0.26322751322751325,-4.516898801364161e-05,-0.03410258595029941,0.1167101307229847
VZ,0.2156084656084656,-4.560589109705858e-05,-0.034432447778279224,0.10618408476116271
K,0.2751322751322751,-4.66346260031522e-05,-0.03520914263237991,0.18354618262834949
TPR,0.2671957671957672,-4.789121496072139e-05,-0.03615786729534465,0.33894829064428134
KKR,0.28703703703703703,-5.004841317792987e-05,-0.037786551949337055,0.628633817054761
JCI,0.2751322751322751,-5.821028843705039e-05,-0.04394876776997304,0.27539478318989474
GEN,0.23809523809523808,-5.8349430747843664e-05,-0.044053820214621967,0.3041609636182927
BIIB,0.20899470899470898,-5.9592298638491785e-05,-0.0449921854720613,0.6572516365877613
ORCL,0.2605820105820106,-5.997688390026146e-05,-0.0452825473446974,0.2367754003099305
ZBH,0.21957671957671956,-6.0587811235198836e-05,-0.04574379748257512,0.2624680745935359
EVRG,0.26851851851851855,-6.158980416112792e-05,-0.04650030214165157,0.37995440617030063
SYF,0.26455026455026454,-6.200315626060084e-05,-0.046812382976753636,0.5243396949163589
CSX,0.24867724867724866,-6.247123200431892e-05,-0.047165780163260784,0.15769443517225046
AVGO,0.26851851851851855,-6.294475109121703e-05,-0.04752328707386885,0.3307971147512606
AOS,0.24603174603174602,-6.341118139496318e-05,-0.047875441953197206,0.25490444453141436
VMC,0.25,-6.446548072256648e-05,-0.04867143794553769,0.35953508796422085
STLD,0.26587301587301587,-6.513905059433086e-05,-0.0491799831987198,0.39188943028523465
JKHY,0.27380952380952384,-6.526350589082648e-05,-0.04927394694757399,0.20672950746404756
CBRE,0.25396825396825395,-6.540514935549819e-05,-0.04938088776340113,0.41459510869716837
GWW,0.2830687830687831,-6.664949673591596e-05,-0.05032037003561655,0.3726723265801111
MDT,0.25396825396825395,-7.045398015953806e-05,-0.05319275502045123,0.27550307487868275
NVR,0.2566137566137566,-7.106685274278279e-05,-0.053655473820801006,0.28549925982182
WBA,0.2328042328042328,-7.648476349360384e-05,-0.0577459964376709,0.33621665318226485
IR,0.25,-7.904978002217746e-05,-0.05968258391674398,0.18291754097495655
ROST,0.27116402116402116,-7.913426193252308e-05,-0.059746367759054925,0.4337207824723105
OTIS,0.24039829302987198,-7.945105026674859e-05,-0.05577463728725751,0.2759039811687987
MOH,0.25396825396825395,-8.403830912696689e-05,-0.06344892339086,0.2846300547998898
MTCH,0.22354497354497355,-8.619908142296569e-05,-0.0650803064743391,0.7035731311268614
CHTR,0.2843915343915344,-8.676304760320031e-05,-0.06550610094041623,0.3980538506273397
ACN,0.2619047619047619,-8.727700540809674e-05,-0.06589413908311303,0.23454258657875038
PG,0.28174603174603174,-9.156267122906402e-05,-0.06912981677794333,0.21381220014616725
SPGI,0.27116402116402116,-9.162781811490637e-05,-0.06917900267675431,0.25067584151674516
LKQ,0.28174603174603174,-9.260518482623384e-05,-0.06991691454380655,0.3780859547136731
CPB,0.26322751322751325,-9.617268569200227e-05,-0.07261037769746172,0.16667502436336457
TSCO,0.2843915343915344,-9.886710802405758e-05,-0.07464466655816347,0.2533042027708837
RMD,0.2830687830687831,-0.00010022846422327858,-0.07567249048857533,0.26416135907630456
BK,0.25132275132275134,-0.00010027895681468624,-0.07571061239508811,0.32432475912785175
HBAN,0.22354497354497355,-0.00010159996746863934,-0.0767079754388227,0.39482851768925814
FITB,0.2261904761904762,-0.00010675693791151345,-0.08060148812319265,0.6036453945717793
IBM,0.2526455026455027,-0.00011624356147254522,-0.08776388891177164,0.38546019049563907
MKC,0.2698412698412698,-0.00011719246101622633,-0.08848030806725088,0.21584333260894
D,0.24338624338624337,-0.00012522408520358725,-0.09454418432870837,0.3254939748126962
SHW,0.25132275132275134,-0.00012670050031933028,-0.09565887774109437,0.2208812337612111
TSN,0.21693121693121692,-0.00013049823720637466,-0.09852616909081287,0.1590712848077093
ZBRA,0.24867724867724866,-0.00013071699559410785,-0.09869133167355143,0.4405572870883837
MMM,0.25,-0.00013141323238817214,-0.09921699045306996,0.2320266738581487
BEN,0.24074074074074073,-0.00013197842097855244,-0.09964370783880709,0.3520683955546422
ULTA,0.2896825396825397,-0.00013198038695228935,-0.09964519214897846,0.3522819147131961
GLW,0.23544973544973544,-0.00013220074944768776,-0.09981156583300427,0.3344260112566054
TMO,0.2857142857142857,-0.00013627978707305845,-0.10289123924015914,0.20034834927256662
PRU,0.23677248677248677,-0.00014083554463963346,-0.10633083620292326,0.45190483800191167
IP,0.23544973544973544,-0.00014564059659028644,-0.10995865042566627,0.3173456746657542
NI,0.2605820105820106,-0.0001462766787836683,-0.11043889248166958,0.325427673856666
ETR,0.2671957671957672,-0.00014730598047054332,-0.1112160152552602,0.34788019286387584
PNC,0.23809523809523808,-0.00016198656899309817,-0.12229985958978912,0.3204332222236016
FRT,0.25,-0.00016504900583331784,-0.12461199940415496,0.4602221345546127
GOOG,0.2804232804232804,-0.00016845255403078713,-0.12718167829324428,0.3780929295980581
TRV,0.2751322751322751,-0.00016850723316974898,-0.12722296104316047,0.4333447511032661
INCY,0.2328042328042328,-0.00017027104977188152,-0.12855464257777055,0.5225209307908286
SCHW,0.24338624338624337,-0.00017061830699639446,-0.12881682178227782,0.3192511969349272
VLO,0.2447089947089947,-0.00017177200076957233,-0.1296878605810271,0.46141422968334994
DUK,0.27380952380952384,-0.0001750305817153206,-0.13214808919506704,0.392659328450204
KHC,0.27380952380952384,-0.00017636210564451405,-0.13315338976160812,0.2840966444035067
WEC,0.2552910052910053,-0.00018058559138820529,-0.136342121498095,0.27145522705232594
AMCR,0.24074074074074073,-0.00018178604553877452,-0.13724846438177477,0.4224296980344292
SYK,0.26322751322751325,-0.00018261320953463705,-0.13787297319865097,0.21153756459636336
PAYX,0.2751322751322751,-0.0001829048589782072,-0.13809316852854644,0.24294199255868093
BR,0.2605820105820106,-0.00018413487364493604,-0.13902182960192672,0.342461937146633
EOG,0.22354497354497355,-0.00018647423141000949,-0.14078804471455716,0.4641243025668629
NFLX,0.23544973544973544,-0.0001903448400971338,-0.143710354273336,0.41270039933214864
KMX,0.2619047619047619,-0.00019126537424518216,-0.14440535755511252,0.655138929778816
COR,0.2830687830687831,-0.00019474179663292557,-0.1470300564578588,0.27173090196733085
TTWO,0.26455026455026454,-0.00019610737011054909,-0.14806106443346456,0.33603628895948084
QCOM,0.23677248677248677,-0.00019788082979964292,-0.1494000264987304,0.37179240545089476
EIX,0.25793650793650796,-0.00020995380027767808,-0.15851511920964695,0.473529295106136
CNC,0.24867724867724866,-0.0002114888204807297,-0.15967405946295093,0.23495819091163478
VRSN,0.2671957671957672,-0.00021171749594506997,-0.15984670943852783,0.2886686772237642
ZTS,0.26322751322751325,-0.0002185125924648271,-0.16497700731094445,0.29287964401719857
SWKS,0.2566137566137566,-0.0002201175526987729,-0.16618875228757354,0.45231332670900637
NKE,0.24338624338624337,-0.00022129705420725318,-0.16707927592647615,0.34901180707855095
LEN,0.24735449735449735,-0.00022132895274567063,-0.16710335932298132,0.5221061731015363
HWM,0.25396825396825395,-0.00022238415121605279,-0.16790003416811985,0.37429495392876566
FIS,0.24074074074074073,-0.00022300686223880213,-0.1683701809902956,0.32445734946050936
CSCO,0.23544973544973544,-0.0002253297117826041,-0.1701239323958661,0.19813610580753582
BALL,0.2619047619047619,-0.00022575762197521822,-0.17044700459128975,0.5073569171278288
AMAT,0.25,-0.00023584406062081975,-0.17806226576871892,0.5418398377893824
GPC,0.2843915343915344,-0.00024304840927607537,-0.1835015490034369,0.40398340819059086
L,0.25,-0.0002512639983100917,-0.18970431872411922,0.3553413496126402
CMI,0.24735449735449735,-0.000252800835227045,-0.19086463059641895,0.34628710397228374
BSX,0.27380952380952384,-0.00025646072026254673,-0.1936278437982228,0.28976330253061455
EXPD,0.2619047619047619,-0.00027491722480745874,-0.20756250472963134,0.3984460817017965
CME,0.24867724867724866,-0.00027581042683364366,-0.20823687225940096,0.25266933144688164
LHX,0.23677248677248677,-0.00027787312740345225,-0.20979421118960645,0.3132407424359045
LVS,0.21428571428571427,-0.0002782348536575763,-0.2100673145114701,0.36521168832665385
ALGN,0.21428571428571427,-0.00027857555640549013,-0.21032454508614504,0.508434481151118
EMR,0.25,-0.0002826677337694411,-0.21341413899592804,0.3561530436580781
ADSK,0.25396825396825395,-0.0002857560352940406,-0.21574580664700066,0.41633373111558186
PSX,0.23677248677248677,-0.00028591235061733707,-0.21586382471608948,0.5271495758393766
CMCSA,0.26851851851851855,-0.00028885532398145296,-0.218085769605997,0.4629037717639865
CDNS,0.28703703703703703,-0.0002920160413745129,-0.22047211123775723,0.4691720323894017
BBY,0.2976190476190476,-0.000292026903595553,-0.22048031221464254,0.5827221711417406
MAS,0.2698412698412698,-0.000292191549434567,-0.2206046198230981,0.49744840917660055
PKG,0.2552910052910053,-0.00030873214662901783,-0.23309277070490847,0.3285688419201673
NTRS,0.24867724867724866,-0.00031879782405116195,-0.24069235715862727,0.34442047127105396
KEY,0.23544973544973544,-0.0003214705463491942,-0.2427102624936416,0.6601447686842049
WMT,0.25,-0.00032225219527091384,-0.24330040742953993,0.2899030041243658
TFC,0.24206349206349206,-0.0003255088678500567,-0.2457591952267928,0.43876405395549944
AEE,0.26587301587301587,-0.00034248013008765944,-0.2585724982161829,0.5160899762851969
MCHP,0.2566137566137566,-0.0003432749385693214,-0.25917257861983767,0.31846845396373663
POOL,0.28174603174603174,-0.0003434148553282215,-0.25927821577280724,0.3905109059865258
CTSH,0.23544973544973544,-0.0003523940773029156,-0.2660575283637013,0.45128198774308714
EMN,0.25925925925925924,-0.00036319922693824427,-0.27421541633837443,0.5355112865362539
SWK,0.25925925925925924,-0.0003645232674694131,-0.2752150669394069,0.6238310842641941
ADI,0.2698412698412698,-0.00036491532603282617,-0.27551107115478374,0.27704933971449763
TMUS,0.26587301587301587,-0.0003685948528642496,-0.27828911391250843,0.3964812572201455
NOC,0.2552910052910053,-0.0003764805926567753,-0.28424284745586537,0.3378410351711534
FOX,0.23015873015873015,-0.0003767815223518171,-0.2844700493756219,0.41926309072339685
DASH,0.22350674373795762,-0.0003781533014660932,-0.19588341015943628,0.651352843997397
FOXA,0.24206349206349206,-0.00038698436568038674,-0.29217319608869197,0.40163849220762093
GPN,0.2619047619047619,-0.00039868338466971084,-0.3010059554256317,0.5214427823894958
ITW,0.2605820105820106,-0.0004038045936821839,-0.3048724682300488,0.36489656561212314
WTW,0.25925925925925924,-0.00041569885880371856,-0.3138526383968075,0.31591271229552437
META,0.25396825396825395,-0.00043928369986190546,-0.3316591933957386,0.5983160490327233
GOOGL,0.27380952380952384,-0.000440986900722346,-0.3329451100453712,0.42522845830712364
FI,0.24603174603174602,-0.00044392597159772346,-0.3351641085562812,0.33520832558441843
NXPI,0.2619047619047619,-0.00046584925793907207,-0.35171618974399943,0.5820994549350545
HPE,0.2791005291005291,-0.0004813574230761641,-0.3634248544225039,0.3938306309167979
INTC,0.2222222222222222,-0.0004964723846313173,-0.3748366503966446,0.45950414352082625
CFG,0.23941798941798942,-0.0005264623001140074,-0.39747903658607564,0.5240619150595568
GILD,0.2275132275132275,-0.0005325087035649713,-0.4020440711915533,0.4293411333518855
AMD,0.2261904761904762,-0.0005404489842889962,-0.4080389831381922,0.553377938698757
HAS,0.26322751322751325,-0.00054068537280462,-0.4082174564674881,0.4082174564674879
TXN,0.24735449735449735,-0.0005437748282092745,-0.4105499952980023,0.45650278761670754
ADBE,0.26851851851851855,-0.0005457319991896294,-0.4120276593881702,0.47376142644874025
CINF,0.24603174603174602,-0.0005936803659033323,-0.4482286762570159,0.5669693430354008
MSFT,0.2526455026455027,-0.0006216664789356175,-0.4693581915963912,0.5051214065277956
TKO,0.2526455026455027,-0.0006372742262739907,-0.48114204083686296,0.6084157697874717
VRTX,0.2552910052910053,-0.0006442363259425311,-0.48639842608661094,0.5025384164244742
BAX,0.23809523809523808,-0.000647170285071335,-0.4886135652288579,0.5095114312732364
JBHT,0.26587301587301587,-0.0006496043854510508,-0.49045131101554335,0.5964579244723798
COIN,0.19815668202764977,-0.000661934019717816,-0.28661743053781435,0.8777466688985255
AKAM,0.2857142857142857,-0.0006979801239533892,-0.5269749935848088,0.6219653003639142
MPWR,0.2671957671957672,-0.0007060489811546132,-0.533066980771733,0.5624351630924348
CBOE,0.23677248677248677,-0.0007116988286357527,-0.5373326156199932,0.6419996661987469
NOW,0.26587301587301587,-0.0007787104864581736,-0.5879264172759211,0.6821867549282311
MU,0.24735449735449735,-0.0009844994064030265,-0.743297051834285,0.9689209783616629
