Ticker,HitRateA,AvgReturnA,TotalReturnA,MaxDrawdownA,HitRateB,AvgReturnB,TotalReturnB,MaxDrawdownB,BestAvgReturn,WinningSignal
MRNA,0.23412698412698413,0.0011482847742012433,0.8669550045219387,0.4317741050770579,0.24338624338624337,0.003274567694398558,2.4722986092709114,0.48395580100373103,0.003274567694398558,MeanReversion
CEG,0.30833333333333335,0.002612388151356464,0.624360768174195,0.15830641302942314,0.20833333333333334,0.00046869929955055005,0.11201913259258146,0.1391542383237391,0.002612388151356464,Momentum
CZR,0.26322751322751325,0.002147128648862685,1.6210821298913272,0.26995582039300636,0.25396825396825395,-0.0002318532971771949,-0.17504923936878214,0.6883556635440479,0.002147128648862685,Momentum
NCLH,0.2261904761904762,0.0019131563282034762,1.4444330277936246,0.4175280814786331,0.2724867724867725,-0.0001588097583496407,-0.11990136755397873,0.7962407109214673,0.0019131563282034762,Momentum
BBWI,0.2275132275132275,7.229173248892856e-05,0.05458025802914107,0.4034286502312713,0.23015873015873015,0.0017682832841032683,1.3350538794979676,0.4316995434883226,0.0017682832841032683,MeanReversion
AMP,0.26322751322751325,0.00020930427340234485,0.15802472641877036,0.30918113199213343,0.21031746031746032,0.0015569859583466324,1.1755243985517074,0.2182411385665333,0.0015569859583466324,MeanReversion
ENPH,0.29365079365079366,0.0005402218977359453,0.4078675327906387,0.65262189321447,0.21428571428571427,0.0015457879221740674,1.1670698812414209,0.40680029158479125,0.0015457879221740674,MeanReversion
TSLA,0.28174603174603174,0.0014350768861032626,1.0834830490079632,0.3896802311982823,0.2156084656084656,-0.00011239717188155637,-0.08485986477057506,0.8023331897113262,0.0014350768861032626,Momentum
CRWD,0.28703703703703703,0.0013927595123842033,1.0515334318500735,0.4796833391423527,0.24603174603174602,-0.000877970058364932,-0.6628673940655236,0.7967062505252167,0.0013927595123842033,Momentum
META,0.25396825396825395,-0.00043928369986190546,-0.3316591933957386,0.5983160490327233,0.23412698412698413,0.001361691475081453,1.028077063686497,0.1515444358830175,0.001361691475081453,MeanReversion
EQT,0.24603174603174602,0.0013466122500731504,1.0166922488052286,0.288258662077334,0.24603174603174602,-0.00023703279588438512,-0.17895976089271076,0.4981821361060639,0.0013466122500731504,Momentum
GEHC,0.18181818181818182,0.000655178448199,0.00655178448199,0.0,0.18181818181818182,0.00134364806569514,0.0134364806569514,0.0,0.00134364806569514,MeanReversion
MPWR,0.2671957671957672,-0.0007060489811546132,-0.533066980771733,0.5624351630924348,0.20767195767195767,0.0013318353080407383,1.0055356575707575,0.2032371984383896,0.0013318353080407383,MeanReversion
MGM,0.23148148148148148,0.000636287362579279,0.48039695874735566,0.30725841216515654,0.2447089947089947,0.0013027713667229193,0.9835923818758041,0.35988017082652773,0.0013027713667229193,MeanReversion
XYZ,0.25132275132275134,0.0012559775128193479,0.9482630221786077,0.3090715040761657,0.2619047619047619,0.0004313151240420246,0.32564291865172856,0.7215495588276704,0.0012559775128193479,Momentum
HCA,0.23941798941798942,-2.0653032805344426e-05,-0.015593039768035041,0.29264966884488997,0.22354497354497355,0.0012287622713887622,0.9277155148985154,0.2898024656342198,0.0012287622713887622,MeanReversion
SMCI,0.2791005291005291,0.0012011336959296256,0.9068559404268673,0.24393095241692064,0.20767195767195767,0.0004125595742456211,0.3114824785554439,0.3275828756615306,0.0012011336959296256,Momentum
MSI,0.26322751322751325,0.00031638145517350654,0.23886799865599742,0.21742585159568623,0.18915343915343916,0.001136828673294048,0.8583056483370062,0.1208966396201639,0.001136828673294048,MeanReversion
PNR,0.2698412698412698,0.00015470620194338642,0.11680318246725674,0.35146181199389553,0.20899470899470898,0.0011170167368199113,0.843347636299033,0.11822947266862469,0.0011170167368199113,MeanReversion
APA,0.26587301587301587,0.0010970356207425154,0.8282618936605991,0.4391073085277217,0.23941798941798942,-0.00021283915822159833,-0.16069356445730673,0.7178934372607851,0.0010970356207425154,Momentum
FANG,0.2724867724867725,0.0010969404487533127,0.8281900388087512,0.42654922656553484,0.21693121693121692,-0.0009736990028373683,-0.7351427471422131,1.1896422387222911,0.0010969404487533127,Momentum
TXN,0.24735449735449735,-0.0005437748282092745,-0.4105499952980023,0.45650278761670754,0.20105820105820105,0.0010964311845719388,0.8278055443518137,0.14857947096216628,0.0010964311845719388,MeanReversion
TRGP,0.2804232804232804,0.001058158771063425,0.7989098721528859,0.4401378012975923,0.2037037037037037,-0.00036242942947699335,-0.27363421925513,0.9823285347700136,0.001058158771063425,Momentum
FCX,0.23412698412698413,0.00034350725279773566,0.2593479758622904,0.41321399526142716,0.22883597883597884,0.0010389268062481068,0.7843897387173207,0.4520962624047392,0.0010389268062481068,MeanReversion
EXE,0.27044025157232704,0.00030133429472897674,0.14343512429099292,0.23586583497744423,0.20545073375262055,0.0010378758785261418,0.49402891817844347,0.10657335149563074,0.0010378758785261418,MeanReversion
COR,0.2830687830687831,-0.00019474179663292557,-0.1470300564578588,0.27173090196733085,0.1931216931216931,0.0010320624243752355,0.7792071304033028,0.07299323167823946,0.0010320624243752355,MeanReversion
VTR,0.2698412698412698,0.0010199999873497152,0.770099990449035,0.34849014399415024,0.22883597883597884,-0.0007285213091071111,-0.5500335883758689,0.6631716012509247,0.0010199999873497152,Momentum
NOC,0.2552910052910053,-0.0003764805926567753,-0.28424284745586537,0.3378410351711534,0.2156084656084656,0.0009942827893502145,0.7506835059594119,0.10447700503108101,0.0009942827893502145,MeanReversion
DOV,0.2804232804232804,0.00010501447391922436,0.07928592780901439,0.23623804721597824,0.21296296296296297,0.0009677796695278436,0.730673650493522,0.09530107994431636,0.0009677796695278436,MeanReversion
OXY,0.23677248677248677,0.0009517084015244846,0.7185398431509858,0.37930903550412265,0.24735449735449735,-0.000776170163421949,-0.5860084733835715,0.9273816345909709,0.0009517084015244846,Momentum
PODD,0.2791005291005291,0.0002610087114881551,0.19706157717355707,0.21768173785694933,0.2275132275132275,0.0009507381746885767,0.7178073218898754,0.3149576136576683,0.0009507381746885767,MeanReversion
UAL,0.23015873015873015,0.0009499174342099822,0.7171876628285365,0.3246917610401133,0.26587301587301587,0.00011930898436035351,0.0900782831920669,0.5520016628120179,0.0009499174342099822,Momentum
PCG,0.23148148148148148,0.00045572686067400954,0.3440737798088772,0.26351241238856615,0.23015873015873015,0.0009432721185526646,0.7121704495072618,0.20533211118277328,0.0009432721185526646,MeanReversion
WY,0.26851851851851855,0.0005331552919780655,0.40253224544343946,0.26545599130064823,0.2208994708994709,0.0009423143422126407,0.7114473283705437,0.2116350199211203,0.0009423143422126407,MeanReversion
ROK,0.2619047619047619,0.0002443358942431652,0.1844736001535897,0.16806053631172246,0.2275132275132275,0.0009327368699087658,0.7042163367811182,0.1773157535791245,0.0009327368699087658,MeanReversion
STZ,0.28703703703703703,0.0009305767114756998,0.7025854171641533,0.10052172386754898,0.24074074074074073,-0.0001121466378961633,-0.08467071161160329,0.21405775194308782,0.0009305767114756998,Momentum
LRCX,0.24867724867724866,0.00016848482539948912,0.1272060431766143,0.35098199609499586,0.22354497354497355,0.0009289465768872627,0.7013546655498833,0.3498317879438679,0.0009289465768872627,MeanReversion
MSFT,0.2526455026455027,-0.0006216664789356175,-0.4693581915963912,0.5051214065277956,0.21164021164021163,0.0009268604579344857,0.6997796457405367,0.12915289248648953,0.0009268604579344857,MeanReversion
POOL,0.28174603174603174,-0.0003434148553282215,-0.25927821577280724,0.3905109059865258,0.20899470899470898,0.0009252074806475871,0.6985316478889283,0.17249663416597116,0.0009252074806475871,MeanReversion
MPC,0.2619047619047619,-1.3605224601298813e-05,-0.010271944573980604,0.4836874207264944,0.20767195767195767,0.0009207505507478356,0.6951666658146158,0.3423925827996627,0.0009207505507478356,MeanReversion
FSLR,0.2552910052910053,0.0009189738622259466,0.6938252659805897,0.24477529069613563,0.2328042328042328,0.000320600126804653,0.242053095737513,0.31696330886848645,0.0009189738622259466,Momentum
NVR,0.2566137566137566,-7.106685274278279e-05,-0.053655473820801006,0.28549925982182,0.23677248677248677,0.000905236447815357,0.6834535181005945,0.3083675793438039,0.000905236447815357,MeanReversion
TTD,0.2804232804232804,0.0008876400612434613,0.6701682462388133,0.2837900259054279,0.23941798941798942,0.0004783699349721778,0.36116930090399424,0.4782221076899888,0.0008876400612434613,Momentum
BIIB,0.20899470899470898,-5.9592298638491785e-05,-0.0449921854720613,0.6572516365877613,0.26587301587301587,0.0008798383908262068,0.6642779850737861,0.32503823556869627,0.0008798383908262068,MeanReversion
PWR,0.27645502645502645,0.0003558801259279309,0.2686894950755878,0.2230091323974362,0.20502645502645503,0.0008707653147104221,0.6574278126063687,0.13133729405942357,0.0008707653147104221,MeanReversion
ADI,0.2698412698412698,-0.00036491532603282617,-0.27551107115478374,0.27704933971449763,0.1984126984126984,0.0008686822347127175,0.6558550872081017,0.1255545524900839,0.0008686822347127175,MeanReversion
ROL,0.2724867724867725,0.0002482750846238614,0.18744768889101537,0.15309420381369312,0.21031746031746032,0.0008636549007886574,0.6520594500954363,0.11485408313762979,0.0008636549007886574,MeanReversion
DELL,0.24206349206349206,0.0008580366603643095,0.6478176785750537,0.1857839990407415,0.20899470899470898,-0.00014786260685264796,-0.1116362681737492,0.3067729435496358,0.0008580366603643095,Momentum
AMAT,0.25,-0.00023584406062081975,-0.17806226576871892,0.5418398377893824,0.20767195767195767,0.0008539087930719325,0.644701138769309,0.2917931300799115,0.0008539087930719325,MeanReversion
L,0.25,-0.0002512639983100917,-0.18970431872411922,0.3553413496126402,0.21428571428571427,0.0008503652980669885,0.6420258000405763,0.17437023791841072,0.0008503652980669885,MeanReversion
MS,0.26587301587301587,0.0003002931018069613,0.22672129186425577,0.13612222834590704,0.23412698412698413,0.0008487598926820793,0.6408137189749699,0.2448862701953018,0.0008487598926820793,MeanReversion
REGN,0.24735449735449735,1.4895767077427293e-06,0.0011246304143457606,0.26745594844951,0.2222222222222222,0.000845762746394422,0.6385508735277886,0.12442248303145231,0.000845762746394422,MeanReversion
DVN,0.25925925925925924,0.0008453659459207605,0.6382512891701742,0.21994706136761172,0.2222222222222222,-2.455835968831874e-05,-0.018541561564680648,0.6183654926049706,0.0008453659459207605,Momentum
SPG,0.2619047619047619,0.0008411400049847843,0.6350607037635121,0.24578596441449985,0.2208994708994709,8.651752848526987e-05,0.06532073400637875,0.4230401332908071,0.0008411400049847843,Momentum
PFG,0.2671957671957672,0.0008408245772052445,0.6348225557899596,0.16046387960455988,0.23677248677248677,0.00033363982840411743,0.25189807044510865,0.2503516822283607,0.0008408245772052445,Momentum
AMD,0.2261904761904762,-0.0005404489842889962,-0.4080389831381922,0.553377938698757,0.24735449735449735,0.0008389860385091365,0.6334344590743981,0.328995828511212,0.0008389860385091365,MeanReversion
DLTR,0.24074074074074073,0.00037694387438930995,0.284592625163929,0.2239638795726003,0.21693121693121692,0.0008384183766674075,0.6330058743838927,0.19316357512360538,0.0008384183766674075,MeanReversion
IVZ,0.24206349206349206,-4.138323307806724e-05,-0.03124434097394077,0.4295855108579813,0.21296296296296297,0.0008381376750787469,0.6327939446844539,0.24462738058663516,0.0008381376750787469,MeanReversion
IRM,0.2751322751322751,0.0008307673078971563,0.627229317462353,0.12938516264581046,0.2261904761904762,0.00023793175245554623,0.1796384731039374,0.24746185519871347,0.0008307673078971563,Momentum
CARR,0.27311522048364156,0.0004092962460801892,0.2873259647482928,0.21450572889537523,0.23186344238975817,0.0008231239863251718,0.5778330384002706,0.1651799206124782,0.0008231239863251718,MeanReversion
PANW,0.27116402116402116,0.0008230274315217637,0.6213857107989316,0.17255486276173515,0.23809523809523808,-0.0003340205725078263,-0.25218553224340884,0.30731671212238415,0.0008230274315217637,Momentum
MCHP,0.2566137566137566,-0.0003432749385693214,-0.25917257861983767,0.31846845396373663,0.2261904761904762,0.0008178681539546726,0.6174904562357778,0.24722827933781688,0.0008178681539546726,MeanReversion
LOW,0.30158730158730157,0.00036286891393823376,0.2739660300233665,0.32152891375825776,0.1984126984126984,0.0008170911284826604,0.6169038020044086,0.2112015347541754,0.0008170911284826604,MeanReversion
ROST,0.27116402116402116,-7.913426193252308e-05,-0.059746367759054925,0.4337207824723105,0.2275132275132275,0.0008148342437692004,0.6151998540457463,0.29997643723306394,0.0008148342437692004,MeanReversion
PNW,0.2619047619047619,0.0001143922237843976,0.08636612895722019,0.26143614460892395,0.2208994708994709,0.0008138082979171894,0.614425264927478,0.10629267177268117,0.0008138082979171894,MeanReversion
ORCL,0.2605820105820106,-5.997688390026146e-05,-0.0452825473446974,0.2367754003099305,0.21957671957671956,0.0008064997673649699,0.6089073243605523,0.20889331648443654,0.0008064997673649699,MeanReversion
CTAS,0.28703703703703703,0.00022277182030136942,0.1681927243275339,0.17430735863281882,0.17857142857142858,0.0008025870620347242,0.6059532318362167,0.1129924665324854,0.0008025870620347242,MeanReversion
CPRT,0.26587301587301587,0.0004955238456233931,0.37412050344566183,0.1466306445270571,0.2208994708994709,0.0007997096884543822,0.6037808147830586,0.15283853112880574,0.0007997096884543822,MeanReversion
PARA,0.2526455026455027,0.0007984237904447174,0.6028099617857616,0.5545957745476041,0.24735449735449735,0.00034667756558097993,0.26174156201363985,0.4669352500749152,0.0007984237904447174,Momentum
CDNS,0.28703703703703703,-0.0002920160413745129,-0.22047211123775723,0.4691720323894017,0.21428571428571427,0.0007922248814551478,0.5981297854986366,0.19458604898280296,0.0007922248814551478,MeanReversion
AAPL,0.24867724867724866,0.00017482582519059596,0.13199349801889995,0.2963744980975417,0.21825396825396826,0.0007909275390015988,0.5971502919462071,0.12910292409640778,0.0007909275390015988,MeanReversion
RCL,0.21296296296296297,0.0007851293163887399,0.5927726338734987,0.24824760458137196,0.2896825396825397,0.00021151087707331343,0.15969071219035164,0.7724731789177494,0.0007851293163887399,Momentum
TJX,0.2526455026455027,8.646103816303837e-05,0.06527808381309397,0.22880720588370043,0.23809523809523808,0.0007846269500562617,0.5923933472924776,0.1192536200103439,0.0007846269500562617,MeanReversion
AXON,0.28835978835978837,0.0007845784780838327,0.5923567509532937,0.2581363728841936,0.21825396825396826,-0.00019666174983062,-0.1484796211221181,0.38138914906492527,0.0007845784780838327,Momentum
AME,0.2962962962962963,0.0007678727337433024,0.5797439139761933,0.1166450050251367,0.21957671957671956,0.00044308783619132164,0.3345313163244478,0.21576088741833827,0.0007678727337433024,Momentum
SYY,0.23809523809523808,0.0005063912282769395,0.38232537734908933,0.3395909342745878,0.24603174603174602,0.0007637157976142932,0.5766054271987914,0.1509061632473609,0.0007637157976142932,MeanReversion
DHR,0.28703703703703703,0.00028310765746468664,0.21374628138583843,0.15268043543093224,0.23412698412698413,0.0007577585105715203,0.5721076754814978,0.13427970500896813,0.0007577585105715203,MeanReversion
CBOE,0.23677248677248677,-0.0007116988286357527,-0.5373326156199932,0.6419996661987469,0.21296296296296297,0.0007574121209879813,0.5718461513459259,0.16213741736980739,0.0007574121209879813,MeanReversion
TPL,0.26322751322751325,0.0003745053920088871,0.2827515709667098,0.5335301751802214,0.2261904761904762,0.0007504515107212876,0.5665908905945721,0.35155219465675086,0.0007504515107212876,MeanReversion
MCK,0.28835978835978837,0.00046651218772797404,0.3522167017346204,0.12323590991845579,0.20767195767195767,0.0007488455880724825,0.5653784189947243,0.1583087166784555,0.0007488455880724825,MeanReversion
BKR,0.25132275132275134,0.0007454709146395367,0.5628305405528502,0.335565954961078,0.22883597883597884,0.00022780101879080802,0.17198976918706005,0.4601241337781865,0.0007454709146395367,Momentum
NXPI,0.2619047619047619,-0.00046584925793907207,-0.35171618974399943,0.5820994549350545,0.2222222222222222,0.0007447852563867942,0.5623128685720296,0.26905051568092436,0.0007447852563867942,MeanReversion
GOOGL,0.27380952380952384,-0.000440986900722346,-0.3329451100453712,0.42522845830712364,0.20899470899470898,0.0007415721468857165,0.559886970898716,0.13257685420984072,0.0007415721468857165,MeanReversion
ANET,0.2552910052910053,0.00016738580627731234,0.12637628373937082,0.20144197100946282,0.2261904761904762,0.0007371985239292364,0.5565848855665735,0.17352295312126104,0.0007371985239292364,MeanReversion
F,0.2222222222222222,0.0004254765735891673,0.3212348130598213,0.26897336089231116,0.25793650793650796,0.0007331924947612465,0.5535603335447411,0.29634932918051565,0.0007331924947612465,MeanReversion
CAT,0.2777777777777778,0.0007319580099607675,0.5526282975203795,0.12152639092747097,0.23015873015873015,3.430055499943547e-05,0.025896919024573778,0.2790618735111695,0.0007319580099607675,Momentum
JKHY,0.27380952380952384,-6.526350589082648e-05,-0.04927394694757399,0.20672950746404756,0.21031746031746032,0.0007288346891098724,0.5502701902779537,0.11194755760082381,0.0007288346891098724,MeanReversion
CRL,0.2526455026455027,0.0007285969949122814,0.5500907311587725,0.15155914168744544,0.22883597883597884,0.00013679764321068924,0.10328222062407039,0.36804913451336796,0.0007285969949122814,Momentum
FFIV,0.24867724867724866,0.0006189377906523921,0.46729803194255604,0.225232695372179,0.25,0.0007278318044106662,0.549513012330053,0.19826297971556742,0.0007278318044106662,MeanReversion
WAT,0.2566137566137566,0.00022139538765918824,0.16715351768268713,0.25295842979705013,0.2261904761904762,0.0007266650007007846,0.5486320755290924,0.16610275676215575,0.0007266650007007846,MeanReversion
ISRG,0.2962962962962963,0.00026916587752539206,0.203220237531671,0.2581649297916378,0.2037037037037037,0.000723512076209537,0.5462516175382004,0.21618634196760872,0.000723512076209537,MeanReversion
TT,0.28835978835978837,0.0005112634282071939,0.3860038882964314,0.24552661015098362,0.20899470899470898,0.0007224594741149447,0.5454569029567833,0.13242815345867348,0.0007224594741149447,MeanReversion
EBAY,0.2552910052910053,0.0007207974164534838,0.5442020494223803,0.19621814127651993,0.22486772486772486,0.00043209101235731673,0.3262287143297741,0.1132033173717876,0.0007207974164534838,Momentum
AJG,0.30423280423280424,0.0006320749707265618,0.47721660289855417,0.13222877138697964,0.18386243386243387,0.0007201667391684112,0.5437258880721505,0.1039235721416574,0.0007201667391684112,MeanReversion
HPE,0.2791005291005291,-0.0004813574230761641,-0.3634248544225039,0.3938306309167979,0.20899470899470898,0.0007167891624936742,0.541175817682724,0.1807292130348347,0.0007167891624936742,MeanReversion
CSGP,0.2328042328042328,0.00017575395793793536,0.1326942382431412,0.22720294269943675,0.2447089947089947,0.0007131454072551146,0.5384247824776115,0.31306463266696877,0.0007131454072551146,MeanReversion
ACGL,0.27645502645502645,0.0005055698773719548,0.3817052574158259,0.2419306243243199,0.20634920634920634,0.0007123668357009904,0.5378369609542477,0.25067542198942516,0.0007123668357009904,MeanReversion
ADM,0.28835978835978837,0.00055718101480434,0.42067166617727664,0.1562357589909934,0.18915343915343916,0.000708074240003127,0.5345960512023609,0.22321074063766072,0.000708074240003127,MeanReversion
FDS,0.2976190476190476,0.00020057830770270647,0.1514366223155434,0.3466717252130283,0.2037037037037037,0.0007072861948643206,0.5340010771225621,0.13989469974993257,0.0007072861948643206,MeanReversion
VRTX,0.2552910052910053,-0.0006442363259425311,-0.48639842608661094,0.5025384164244742,0.2156084656084656,0.0007036166323903437,0.5312305574547095,0.0905892771241757,0.0007036166323903437,MeanReversion
CI,0.2605820105820106,0.0007007002461118134,0.5290286858144191,0.14567851419624034,0.21957671957671956,0.00013010813732534956,0.09823164368063891,0.2628237618082306,0.0007007002461118134,Momentum
ODFL,0.2923280423280423,0.00038072428373339164,0.2874468342187107,0.24529862423743803,0.20634920634920634,0.000700359850567218,0.5287716871782496,0.1605267391235595,0.000700359850567218,MeanReversion
GOOG,0.2804232804232804,-0.00016845255403078713,-0.12718167829324428,0.3780929295980581,0.19576719576719576,0.0007000400545459578,0.5285302411821982,0.14057958050488006,0.0007000400545459578,MeanReversion
ELV,0.25,0.00011577022522149508,0.08740652004222879,0.2726355588418744,0.22354497354497355,0.0006995789833847438,0.5281821324554816,0.17823800336593268,0.0006995789833847438,MeanReversion
MSCI,0.28174603174603174,0.00025905785456537315,0.1955886801968567,0.22691407265292918,0.21031746031746032,0.0006908539046207268,0.5215946979886488,0.28527101698207274,0.0006908539046207268,MeanReversion
LLY,0.27116402116402116,0.00042247766577385113,0.3189706376592576,0.2181391874223912,0.23941798941798942,0.0006901514401290608,0.5210643372974408,0.13583088363237278,0.0006901514401290608,MeanReversion
WYNN,0.21031746031746032,0.0006869152321426702,0.518621000267716,0.23911156383623078,0.2724867724867725,2.0611904133065284e-05,0.01556198762046429,0.7137548991792244,0.0006869152321426702,Momentum
DECK,0.2777777777777778,0.0006841032802024075,0.5164979765528177,0.41272843053156083,0.23412698412698413,0.0004500583707973094,0.3397940699519686,0.47009777338424097,0.0006841032802024075,Momentum
FITB,0.2261904761904762,-0.00010675693791151345,-0.08060148812319265,0.6036453945717793,0.22883597883597884,0.0006823085966431076,0.5151429904655462,0.2670397010391144,0.0006823085966431076,MeanReversion
NTRS,0.24867724867724866,-0.00031879782405116195,-0.24069235715862727,0.34442047127105396,0.23015873015873015,0.0006792694201368852,0.5128484122033483,0.2340350623866202,0.0006792694201368852,MeanReversion
D,0.24338624338624337,-0.00012522408520358725,-0.09454418432870837,0.3254939748126962,0.2275132275132275,0.0006742235112200181,0.5090387509711136,0.18092292886472522,0.0006742235112200181,MeanReversion
NVDA,0.2843915343915344,0.00017867258630376568,0.1348978026593431,0.2856106784541858,0.21296296296296297,0.0006740724745956219,0.5089247183196945,0.19088354499333499,0.0006740724745956219,MeanReversion
VICI,0.25793650793650796,0.00035973920231098186,0.2716030977447913,0.16966087938004915,0.20238095238095238,0.0006710961314889119,0.5066775792741285,0.1669028741538186,0.0006710961314889119,MeanReversion
NOW,0.26587301587301587,-0.0007787104864581736,-0.5879264172759211,0.6821867549282311,0.22354497354497355,0.0006707862854098209,0.5064436454844148,0.5272144370776749,0.0006707862854098209,MeanReversion
PAYC,0.2751322751322751,0.0006701377501997475,0.5059540014008094,0.2894685408995756,0.2261904761904762,0.0006472862947389125,0.48870115252787893,0.3427278068540409,0.0006701377501997475,Momentum
A,0.28703703703703703,0.00029898667548912465,0.2257349399942891,0.12981498828120291,0.20105820105820105,0.0006694004712142345,0.505397355766747,0.10601756884525576,0.0006694004712142345,MeanReversion
WAB,0.26322751322751325,0.0006642667667768237,0.5015214089165019,0.10295986237260751,0.27645502645502645,6.618250923527164e-05,0.04996779447263009,0.2896645659936431,0.0006642667667768237,Momentum
KR,0.2698412698412698,0.0005313189461634076,0.40114580435337277,0.1593705763918091,0.22354497354497355,0.0006628192917050545,0.5004285652373162,0.19349543779211736,0.0006628192917050545,MeanReversion
TER,0.24603174603174602,0.00020757725546311523,0.156720827874652,0.26299325730355655,0.21957671957671956,0.0006616342261843134,0.49953384076915663,0.191647720507586,0.0006616342261843134,MeanReversion
BLK,0.29365079365079366,0.00012343251146144395,0.09319154615339019,0.15818079184957856,0.20502645502645503,0.0006534115150083311,0.49332569383129,0.2294342457592241,0.0006534115150083311,MeanReversion
CTSH,0.23544973544973544,-0.0003523940773029156,-0.2660575283637013,0.45128198774308714,0.24867724867724866,0.0006521290540021443,0.49235743577161895,0.12300951012122019,0.0006521290540021443,MeanReversion
FI,0.24603174603174602,-0.00044392597159772346,-0.3351641085562812,0.33520832558441843,0.21428571428571427,0.0006502018344296896,0.4909023849944157,0.1505576874310428,0.0006502018344296896,MeanReversion
CSCO,0.23544973544973544,-0.0002253297117826041,-0.1701239323958661,0.19813610580753582,0.24074074074074073,0.0006485858081263525,0.4896822851353962,0.15466828883380607,0.0006485858081263525,MeanReversion
MTD,0.3002645502645503,7.68426944443699e-05,0.05801623430549927,0.2167182013565993,0.1917989417989418,0.0006481989781382355,0.48939022849436775,0.14123134510578872,0.0006481989781382355,MeanReversion
URI,0.2791005291005291,0.0006434537161407599,0.4858075556862737,0.1591248133208788,0.22883597883597884,-8.895278608303104e-05,-0.06715935349268844,0.29857950195737437,0.0006434537161407599,Momentum
CMI,0.24735449735449735,-0.000252800835227045,-0.19086463059641895,0.34628710397228374,0.2208994708994709,0.000639537402056852,0.48285073855292326,0.19809189936404958,0.000639537402056852,MeanReversion
ROP,0.2857142857142857,5.789866014627731e-05,0.04371348841043937,0.2515633756387853,0.21957671957671956,0.0006370697161069339,0.4809876356607351,0.14693047704017104,0.0006370697161069339,MeanReversion
HAL,0.23412698412698413,0.0006356631674356923,0.47992569141394775,0.2893602447282471,0.2447089947089947,-0.0007723739352738247,-0.5831423211317376,0.8366797024615726,0.0006356631674356923,Momentum
INTU,0.2777777777777778,0.00015918263010706354,0.12018288573083297,0.2974165320600076,0.21825396825396826,0.0006335946070071796,0.47836392829042057,0.21669958946341433,0.0006335946070071796,MeanReversion
FTV,0.24206349206349206,3.0146042402648215e-05,0.022760262013999402,0.35119683215025715,0.23544973544973544,0.0006317358099373042,0.4769605365026647,0.1337797901859591,0.0006317358099373042,MeanReversion
SCHW,0.24338624338624337,-0.00017061830699639446,-0.12881682178227782,0.3192511969349272,0.23544973544973544,0.000629948208945512,0.47561089775386156,0.24382744490380612,0.000629948208945512,MeanReversion
UHS,0.25396825396825395,0.0002845886459134061,0.2148644276646216,0.17621255947905537,0.23809523809523808,0.0006297269301478609,0.475443832261635,0.1861617606256384,0.0006297269301478609,MeanReversion
PAYX,0.2751322751322751,-0.0001829048589782072,-0.13809316852854644,0.24294199255868093,0.22486772486772486,0.0006296972697773324,0.475421438681886,0.12459076463649679,0.0006296972697773324,MeanReversion
PM,0.2896825396825397,0.0006294662717370906,0.4752470351615034,0.07191541541037091,0.20238095238095238,0.00037350764344144767,0.281998270798293,0.12579444301899262,0.0006294662717370906,Momentum
NSC,0.26455026455026454,8.3329067545701e-06,0.0062913445997004255,0.18674656339142087,0.21693121693121692,0.0006265149239488753,0.4730187675814009,0.22024373393939328,0.0006265149239488753,MeanReversion
WELL,0.24867724867724866,0.0006249878604477473,0.4718658346380492,0.36788550543311066,0.2261904761904762,8.300450824688474e-05,0.06266840372639798,0.6226708729394124,0.0006249878604477473,Momentum
AZO,0.2777777777777778,0.00037583923229714944,0.28375862038434785,0.1114570764104959,0.21296296296296297,0.0006225528895911458,0.4700274316413151,0.09683718192371582,0.0006225528895911458,MeanReversion
INTC,0.2222222222222222,-0.0004964723846313173,-0.3748366503966446,0.45950414352082625,0.24867724867724866,0.0006200877403109644,0.4681662439347781,0.1901329683613946,0.0006200877403109644,MeanReversion
HWM,0.25396825396825395,-0.00022238415121605279,-0.16790003416811985,0.37429495392876566,0.21825396825396826,0.0006195682503446986,0.4677740290102474,0.1632103675444686,0.0006195682503446986,MeanReversion
ETN,0.2566137566137566,0.00014816109502074245,0.11186162674066055,0.26383158240191706,0.20767195767195767,0.0006190135898863742,0.46735526036421254,0.1612879056621301,0.0006190135898863742,MeanReversion
HSY,0.2619047619047619,0.0003655513932966198,0.27599130193894794,0.09176890824024075,0.20238095238095238,0.0006118447318328731,0.4619427725338192,0.1026121258653725,0.0006118447318328731,MeanReversion
ITW,0.2605820105820106,-0.0004038045936821839,-0.3048724682300488,0.36489656561212314,0.2208994708994709,0.0006097200096852743,0.4603386073123821,0.1385243652419269,0.0006097200096852743,MeanReversion
AIG,0.26587301587301587,0.0006092947938820659,0.4600175693809597,0.3156050631164627,0.21031746031746032,0.0002758641973708735,0.2082774690150095,0.24586239715745858,0.0006092947938820659,Momentum
TGT,0.27380952380952384,0.0006090891248943856,0.4598622892952611,0.1994089934883081,0.23809523809523808,0.00015655459334983226,0.11819871797912335,0.3716182948067248,0.0006090891248943856,Momentum
ZBRA,0.24867724867724866,-0.00013071699559410785,-0.09869133167355143,0.4405572870883837,0.24338624338624337,0.0006078814515246598,0.45895049590111814,0.2863986719920683,0.0006078814515246598,MeanReversion
SRE,0.27380952380952384,0.0004338926465959512,0.32758894817994316,0.2000965485555946,0.21957671957671956,0.0006062671564324718,0.4577317031065162,0.14291003572085642,0.0006062671564324718,MeanReversion
AOS,0.24603174603174602,-6.341118139496318e-05,-0.047875441953197206,0.25490444453141436,0.23941798941798942,0.000603808039748845,0.45587507001037797,0.18324021688774583,0.000603808039748845,MeanReversion
DE,0.27380952380952384,0.0002421844790053528,0.18284928164904135,0.1568420586254644,0.21164021164021163,0.0006023151764455598,0.4547479582163977,0.29658982928369726,0.0006023151764455598,MeanReversion
HLT,0.25132275132275134,0.0006001136847625255,0.4530858319957068,0.14601186234675284,0.2671957671957672,-5.149340852108593e-07,-0.0003887752343341988,0.33523755644991243,0.0006001136847625255,Momentum
SWKS,0.2566137566137566,-0.0002201175526987729,-0.16618875228757354,0.45231332670900637,0.23677248677248677,0.0005968738749050754,0.4506397755533319,0.24288654613095528,0.0005968738749050754,MeanReversion
FTNT,0.2896825396825397,0.0005955585130414792,0.44964667734631686,0.26191704417843037,0.19576719576719576,0.00039110031509099943,0.29528073789370457,0.3232046730648237,0.0005955585130414792,Momentum
ORLY,0.2843915343915344,0.000362150338708407,0.2734235057248473,0.1041022542199573,0.20767195767195767,0.0005929737212141622,0.4476951595166925,0.10291244157108681,0.0005929737212141622,MeanReversion
HII,0.25925925925925924,0.0005926639861585277,0.4474613095496884,0.07420956313220689,0.23544973544973544,0.00017714779585550146,0.1337465858709036,0.18785488049205132,0.0005926639861585277,Momentum
FICO,0.26322751322751325,0.00020745907862011946,0.15663160435819018,0.38179307800490514,0.23941798941798942,0.0005924209939143358,0.44727785040532353,0.1997629921468113,0.0005924209939143358,MeanReversion
XOM,0.27116402116402116,0.0005904836986748219,0.44581519249949053,0.2055476872320876,0.25132275132275134,2.137347770267465e-05,0.01613697566551936,0.2932960387722467,0.0005904836986748219,Momentum
IR,0.25,-7.904978002217746e-05,-0.05968258391674398,0.18291754097495655,0.23941798941798942,0.0005881785669496558,0.4440748180469901,0.2635154097352652,0.0005881785669496558,MeanReversion
MNST,0.2605820105820106,0.0003520462107034932,0.26579488908113735,0.12605172135570913,0.2156084656084656,0.0005868146092030593,0.44304502994830974,0.1943048699946896,0.0005868146092030593,MeanReversion
IEX,0.2777777777777778,6.531638537764954e-06,0.0049313870960125405,0.25243264944027405,0.1865079365079365,0.0005864118943406298,0.4427409802271755,0.1709362924128859,0.0005864118943406298,MeanReversion
WRB,0.27116402116402116,0.0005855298687023933,0.44207505087030696,0.13667201836302945,0.20899470899470898,5.818486662589017e-05,0.04392957430254708,0.17641351304600508,0.0005855298687023933,Momentum
LH,0.2791005291005291,0.000584828690853589,0.4415456615944597,0.1649433335661129,0.2222222222222222,0.0005098969367910121,0.38497218727721416,0.25835276603345886,0.000584828690853589,Momentum
PH,0.2447089947089947,0.00023773933515324123,0.17949319804069713,0.1497794789502056,0.22883597883597884,0.0005845845930123545,0.4413613677243276,0.18503205634011788,0.0005845845930123545,MeanReversion
COP,0.2605820105820106,0.0005840424648144176,0.4409520609348853,0.24215926088499098,0.25132275132275134,-0.00019572373148852548,-0.14777141727383675,0.4298759329885392,0.0005840424648144176,Momentum
GWW,0.2830687830687831,-6.664949673591596e-05,-0.05032037003561655,0.3726723265801111,0.19444444444444445,0.0005839684140982306,0.44089615264416404,0.11619446202899525,0.0005839684140982306,MeanReversion
HPQ,0.28835978835978837,2.5026122785729003e-05,0.018894722703225397,0.33537111106782147,0.19444444444444445,0.0005816481714253375,0.4391443694261298,0.3317790908343834,0.0005816481714253375,MeanReversion
MOH,0.25396825396825395,-8.403830912696689e-05,-0.06344892339086,0.2846300547998898,0.21693121693121692,0.000580884885251531,0.4385680883649059,0.19495985942691252,0.000580884885251531,MeanReversion
SHW,0.25132275132275134,-0.00012670050031933028,-0.09565887774109437,0.2208812337612111,0.22354497354497355,0.0005805965377661189,0.4383503860134198,0.20174792526790258,0.0005805965377661189,MeanReversion
LYV,0.22354497354497355,5.1157988341692245e-05,0.038624281197977645,0.536942382004121,0.2671957671957672,0.0005744383891952676,0.43370098384242706,0.3759808815859382,0.0005744383891952676,MeanReversion
COST,0.28703703703703703,0.00036386736094689686,0.27471985751490713,0.14277998244130502,0.22486772486772486,0.0005742604577767217,0.4335666456214249,0.15494979990733476,0.0005742604577767217,MeanReversion
PFE,0.22354497354497355,0.00029589400191815834,0.22339997144820953,0.1301693984345028,0.25132275132275134,0.000573393173700712,0.43291184614403755,0.17113637301597548,0.000573393173700712,MeanReversion
TDY,0.28703703703703703,0.0001783541189886096,0.13465735983640026,0.22899121799205988,0.2261904761904762,0.0005717396573134103,0.4316634412716248,0.20590704734725152,0.0005717396573134103,MeanReversion
KLAC,0.2605820105820106,0.00026113030627521714,0.19715338123778894,0.3037376521454665,0.21693121693121692,0.000571722843341349,0.43165074672271847,0.2502663810698696,0.000571722843341349,MeanReversion
IT,0.2791005291005291,0.0005688167552418133,0.429456650207569,0.2905111178905396,0.18518518518518517,0.0005391959070506073,0.4070929098232085,0.223197079751628,0.0005688167552418133,Momentum
MCD,0.25,0.0002262784758865151,0.1708402492943189,0.1085559812356563,0.20899470899470898,0.0005681138782015118,0.4289259780421414,0.09164545831846199,0.0005681138782015118,MeanReversion
STLD,0.26587301587301587,-6.513905059433086e-05,-0.0491799831987198,0.39188943028523465,0.2275132275132275,0.0005672985276841615,0.4283103884015419,0.2648493661870479,0.0005672985276841615,MeanReversion
JBL,0.26587301587301587,0.00016221359238974316,0.12247126225425609,0.33985163109198757,0.21164021164021163,0.0005663165853311673,0.4275690219250313,0.211235761749694,0.0005663165853311673,MeanReversion
HIG,0.24074074074074073,-4.183050697134708e-05,-0.031582032763367046,0.3839032046896553,0.22486772486772486,0.0005633211923584319,0.4253075002306161,0.3045638703116394,0.0005633211923584319,MeanReversion
RF,0.24206349206349206,0.00012039156699314008,0.09089563307982076,0.42100411280272676,0.2261904761904762,0.0005631028562968721,0.4251426565041384,0.3076218070362528,0.0005631028562968721,MeanReversion
TAP,0.2804232804232804,0.000560786008463883,0.4233934363902317,0.14572354219700034,0.25,0.0001685798561576404,0.1272777913990185,0.2146959278422958,0.000560786008463883,Momentum
ETR,0.2671957671957672,-0.00014730598047054332,-0.1112160152552602,0.34788019286387584,0.20238095238095238,0.0005603842932803537,0.42309014142666707,0.1498020824615364,0.0005603842932803537,MeanReversion
MAS,0.2698412698412698,-0.000292191549434567,-0.2206046198230981,0.49744840917660055,0.2208994708994709,0.0005603630895399901,0.42307413260269255,0.1612869840279257,0.0005603630895399901,MeanReversion
COO,0.2619047619047619,0.0005567946788592325,0.42037998253872055,0.10560648868541711,0.24867724867724866,0.00015112199942013453,0.11409710956220157,0.3336047024884233,0.0005567946788592325,Momentum
CB,0.24735449735449735,0.0003657786002907388,0.2761628432195078,0.17245541587079355,0.1917989417989418,0.0005548243964086246,0.4188924192885115,0.17512886042552644,0.0005548243964086246,MeanReversion
UBER,0.23544973544973544,0.0005486111024472727,0.41420138234769094,0.3896344540226216,0.26322751322751325,-0.0005247473381089962,-0.39618424027229215,0.6461244187493148,0.0005486111024472727,Momentum
MMC,0.28835978835978837,0.00013328223910069354,0.10062809052102362,0.1524901117538951,0.18915343915343916,0.0005476720197400405,0.4134923749037306,0.08644469515370051,0.0005476720197400405,MeanReversion
CSX,0.24867724867724866,-6.247123200431892e-05,-0.047165780163260784,0.15769443517225046,0.21825396825396826,0.0005469950653324588,0.4129812743260064,0.2084711124033318,0.0005469950653324588,MeanReversion
CVS,0.25396825396825395,0.0005466545988068242,0.41272422209915227,0.17300201094997691,0.23148148148148148,9.702486430506274e-05,0.07325377255032237,0.1927199649072862,0.0005466545988068242,Momentum
ADSK,0.25396825396825395,-0.0002857560352940406,-0.21574580664700066,0.41633373111558186,0.2275132275132275,0.0005439551844723989,0.41068616427666116,0.2049953519946418,0.0005439551844723989,MeanReversion
MOS,0.26851851851851855,0.0005422107960471065,0.4093691510155654,0.4547747521161977,0.2275132275132275,-7.068104572830491e-05,-0.05336418952487021,0.42208912666310183,0.0005422107960471065,Momentum
SNPS,0.27380952380952384,1.1297036410307766e-05,0.008529262489782363,0.34362751856593526,0.20767195767195767,0.000540312731263925,0.4079361121042634,0.22817074763830775,0.000540312731263925,MeanReversion
GILD,0.2275132275132275,-0.0005325087035649713,-0.4020440711915533,0.4293411333518855,0.25,0.0005401653249702801,0.40782482035256146,0.15763134292796765,0.0005401653249702801,MeanReversion
EXPD,0.2619047619047619,-0.00027491722480745874,-0.20756250472963134,0.3984460817017965,0.20634920634920634,0.0005397715680307083,0.40752753386318474,0.1254170019889737,0.0005397715680307083,MeanReversion
DG,0.2526455026455027,0.00043799283596141267,0.33068459115086657,0.12093289552716188,0.23148148148148148,0.000539131804587368,0.4070445124634628,0.15077331596013233,0.000539131804587368,MeanReversion
CBRE,0.25396825396825395,-6.540514935549819e-05,-0.04938088776340113,0.41459510869716837,0.24206349206349206,0.0005374290314399783,0.4057589187371836,0.272071315222568,0.0005374290314399783,MeanReversion
PHM,0.26851851851851855,0.000191127657553199,0.14430138145266524,0.43092296435210686,0.21693121693121692,0.0005371958463465635,0.4055828639916555,0.5192173909958486,0.0005371958463465635,MeanReversion
NRG,0.26322751322751325,0.0005368542661669713,0.40532497095606335,0.12913101089792217,0.21296296296296297,-0.00010304467260527556,-0.07779872781698305,0.47151886344528476,0.0005368542661669713,Momentum
EFX,0.26851851851851855,0.00015401674805828294,0.11628264478400363,0.3569117353711161,0.21825396825396826,0.0005344710460783226,0.4035256397891336,0.21810293814556314,0.0005344710460783226,MeanReversion
LYB,0.2526455026455027,0.0005331746832951118,0.40254688588780935,0.22283258996723038,0.2552910052910053,-0.0003754598546544063,-0.2834721902640768,0.40801688444692474,0.0005331746832951118,Momentum
BRO,0.30952380952380953,0.0003137330943609178,0.23686848624249296,0.2214899927022468,0.1984126984126984,0.00053090829325245,0.40083576140559973,0.1523034077758305,0.00053090829325245,MeanReversion
DHI,0.2619047619047619,4.038855964467251e-06,0.003049336253172774,0.42993253224635564,0.2208994708994709,0.000528690198495391,0.39916109986402015,0.33561972210642443,0.000528690198495391,MeanReversion
ADP,0.26587301587301587,-9.80775853935e-07,-0.000740485769720925,0.20075919267241882,0.18783068783068782,0.0005248052282448926,0.3962279473248939,0.145871186543049,0.0005248052282448926,MeanReversion
O,0.2857142857142857,0.0005239354548369709,0.39557126840191303,0.16611397040933196,0.21164021164021163,0.0002923635396823743,0.22073447246019257,0.1879742155199192,0.0005239354548369709,Momentum
VLO,0.2447089947089947,-0.00017177200076957233,-0.1296878605810271,0.46141422968334994,0.24206349206349206,0.0005218651892824687,0.3940082179082638,0.36110813734513536,0.0005218651892824687,MeanReversion
DVA,0.2698412698412698,0.00030292638687355567,0.22870942208953454,0.14788468508470037,0.22486772486772486,0.0005192581007416132,0.3920398660599179,0.1854913205592183,0.0005192581007416132,MeanReversion
PEG,0.25925925925925924,-3.906432562205493e-05,-0.029493565844651473,0.3141995450786267,0.1970899470899471,0.0005186977885067536,0.391616830322599,0.1624482600331108,0.0005186977885067536,MeanReversion
HBAN,0.22354497354497355,-0.00010159996746863934,-0.0767079754388227,0.39482851768925814,0.24074074074074073,0.0005135510051075268,0.3877310088561828,0.18937417203784326,0.0005135510051075268,MeanReversion
LKQ,0.28174603174603174,-9.260518482623384e-05,-0.06991691454380655,0.3780859547136731,0.2156084656084656,0.0005132879391780094,0.3875323940793971,0.2184706049045279,0.0005132879391780094,MeanReversion
TSCO,0.2843915343915344,-9.886710802405758e-05,-0.07464466655816347,0.2533042027708837,0.2037037037037037,0.0005120119809831582,0.38656904564228445,0.1778590121756007,0.0005120119809831582,MeanReversion
ECL,0.2605820105820106,3.033010439567372e-05,0.022899228818733658,0.369208121096082,0.23148148148148148,0.0005104105896255005,0.38535999516725294,0.17368323335628294,0.0005104105896255005,MeanReversion
MAR,0.25396825396825395,0.0005097495389044595,0.3848609018728669,0.16112955432750486,0.24735449735449735,-0.0001943692667570063,-0.14674879640153976,0.4619355803357976,0.0005097495389044595,Momentum
IP,0.23544973544973544,-0.00014564059659028644,-0.10995865042566627,0.3173456746657542,0.25132275132275134,0.0005085829833954492,0.38398015246356415,0.14130116182384805,0.0005085829833954492,MeanReversion
DPZ,0.23809523809523808,3.2809030002672734e-05,0.024770817652017912,0.27740487509548917,0.22883597883597884,0.0005081560366053616,0.38365780763704804,0.11491706656958339,0.0005081560366053616,MeanReversion
NDSN,0.24867724867724866,7.647225998716414e-05,0.057736556290308924,0.18516955338918803,0.25132275132275134,0.0005081086966271185,0.3836220659534745,0.190483188751275,0.0005081086966271185,MeanReversion
CCI,0.27380952380952384,2.8699575130905798e-05,0.021668179223833878,0.24718166642543493,0.2275132275132275,0.000499318675637356,0.37698560010620374,0.32045843139516683,0.000499318675637356,MeanReversion
ZTS,0.26322751322751325,-0.0002185125924648271,-0.16497700731094445,0.29287964401719857,0.22883597883597884,0.0004984967035523318,0.3763650111820105,0.19525487745621567,0.0004984967035523318,MeanReversion
TXT,0.25132275132275134,5.081859394416759e-05,0.03836803842784653,0.35123571069961046,0.22486772486772486,0.0004924036101670719,0.3717647256761393,0.2484924708501075,0.0004924036101670719,MeanReversion
SLB,0.24735449735449735,0.0004908844560314635,0.3706177643037549,0.3348120087892959,0.24735449735449735,0.00013789418391350325,0.10411010885469496,0.533960199977565,0.0004908844560314635,Momentum
ALL,0.2671957671957672,0.0001087896656437154,0.08213619756100513,0.20112366454742087,0.21693121693121692,0.0004906084115480838,0.37040935071880327,0.1436892143190272,0.0004906084115480838,MeanReversion
DUK,0.27380952380952384,-0.0001750305817153206,-0.13214808919506704,0.392659328450204,0.19973544973544974,0.0004899365272983114,0.36990207811022513,0.1507424147957446,0.0004899365272983114,MeanReversion
GM,0.23809523809523808,0.0004897938327920443,0.36979434375799347,0.31667571388476873,0.26455026455026454,-0.00023574409134434414,-0.17798678896497983,0.3647349702635222,0.0004897938327920443,Momentum
MCO,0.27645502645502645,0.00011011376933170089,0.08313589584543417,0.2080302024496079,0.21164021164021163,0.0004886199035822324,0.3689080272045855,0.322564557635336,0.0004886199035822324,MeanReversion
EVRG,0.26851851851851855,-6.158980416112792e-05,-0.04650030214165157,0.37995440617030063,0.2037037037037037,0.0004885904114215454,0.3688857606232668,0.1584047081040362,0.0004885904114215454,MeanReversion
JNJ,0.2605820105820106,0.00048697460434416574,0.3676658262798451,0.05742218461535359,0.23809523809523808,0.00029653620722042796,0.2238848364514231,0.1293392819253109,0.00048697460434416574,Momentum
DRI,0.24603174603174602,0.00048536337613754455,0.3664493489838461,0.2897275376797263,0.23677248677248677,0.00015597362448948387,0.11776008648956032,0.2890136552461922,0.00048536337613754455,Momentum
ADBE,0.26851851851851855,-0.0005457319991896294,-0.4120276593881702,0.47376142644874025,0.21031746031746032,0.0004840700840790827,0.36547291347970745,0.31519523710209596,0.0004840700840790827,MeanReversion
CVX,0.2777777777777778,0.000482422483041503,0.36422897469633475,0.22829181886970784,0.21825396825396826,-0.00016624821854930173,-0.1255174050047228,0.2783993439659899,0.000482422483041503,Momentum
ARE,0.2777777777777778,0.00047950196699877317,0.36202398508407374,0.09630384503090719,0.21825396825396826,4.5894502374789566e-05,0.03465034929296612,0.38961859327934667,0.00047950196699877317,Momentum
WFC,0.23544973544973544,0.000181476394798641,0.13701467807297396,0.20558741583454063,0.24074074074074073,0.0004792651638453643,0.36184519870325005,0.2824957881593396,0.0004792651638453643,MeanReversion
BX,0.29365079365079366,0.0004789960320347464,0.36164200418623355,0.46723418787226295,0.2261904761904762,0.00020631614638139386,0.15576869051795236,0.3130507954483384,0.0004789960320347464,Momentum
ULTA,0.2896825396825397,-0.00013198038695228935,-0.09964519214897846,0.3522819147131961,0.21957671957671956,0.0004786194223957923,0.3613576639088232,0.28138508217828767,0.0004786194223957923,MeanReversion
QCOM,0.23677248677248677,-0.00019788082979964292,-0.1494000264987304,0.37179240545089476,0.23809523809523808,0.00047854457070213563,0.3613011508801124,0.2720440594028099,0.00047854457070213563,MeanReversion
LW,0.2605820105820106,0.00047257990875057836,0.35679783110668667,0.42653293424816724,0.24206349206349206,-0.0002653799425615318,-0.2003618566339565,0.44424726702626266,0.00047257990875057836,Momentum
LIN,0.25925925925925924,0.00036777356116661074,0.2776690386807911,0.15858026761744876,0.21031746031746032,0.0004687850672050398,0.35393272573980505,0.1348577803996264,0.0004687850672050398,MeanReversion
PTC,0.2698412698412698,0.00046749900866367933,0.3529617515410779,0.1969869749982883,0.23015873015873015,0.00038881277186155144,0.29355364275547136,0.3298819694948649,0.00046749900866367933,Momentum
ICE,0.2605820105820106,0.00010439101275587461,0.07881521463068533,0.18076044824605678,0.23677248677248677,0.000466249234749131,0.3520181722355939,0.09541890137365583,0.000466249234749131,MeanReversion
SJM,0.3029100529100529,0.00011649938277218851,0.08795703399300232,0.21962063339030896,0.21164021164021163,0.00046569559652788776,0.35160017537855526,0.10773889534182149,0.00046569559652788776,MeanReversion
EW,0.27645502645502645,0.0004634814558613117,0.34992849917529034,0.1334236768992815,0.2447089947089947,0.0001878079967335905,0.14179503753386083,0.22285686193975165,0.0004634814558613117,Momentum
MDT,0.25396825396825395,-7.045398015953806e-05,-0.05319275502045123,0.27550307487868275,0.23677248677248677,0.0004628363188164528,0.34944142070642187,0.15898594055828208,0.0004628363188164528,MeanReversion
SYK,0.26322751322751325,-0.00018261320953463705,-0.13787297319865097,0.21153756459636336,0.23412698412698413,0.0004624745873494078,0.3491683134488029,0.19654457948348453,0.0004624745873494078,MeanReversion
KDP,0.26322751322751325,-4.516898801364161e-05,-0.03410258595029941,0.1167101307229847,0.1931216931216931,0.00046192810514872687,0.3487557193872888,0.1046057169264083,0.00046192810514872687,MeanReversion
C,0.2275132275132275,0.0004607821607993866,0.3478905314035369,0.16023714097145275,0.2605820105820106,0.00024061672993479772,0.18166563110077227,0.2709601257224864,0.0004607821607993866,Momentum
BMY,0.2619047619047619,0.00046040246291707333,0.34760385950239037,0.11138736809705735,0.24074074074074073,-0.0002217777464157343,-0.1674421985438794,0.1852836708057866,0.00046040246291707333,Momentum
VRSN,0.2671957671957672,-0.00021171749594506997,-0.15984670943852783,0.2886686772237642,0.20767195767195767,0.00045768940014206234,0.3455554971072571,0.13603248199785828,0.00045768940014206234,MeanReversion
WST,0.2896825396825397,3.55559087435369e-05,0.026844711101370364,0.21457234229937308,0.2222222222222222,0.0004572089722431633,0.3451927740435883,0.2896879585216696,0.0004572089722431633,MeanReversion
ALLE,0.2619047619047619,0.00025300432985461355,0.19101826904023322,0.22605198407756041,0.24603174603174602,0.00045633472702361766,0.3445327189028313,0.1792380891947,0.00045633472702361766,MeanReversion
ON,0.2751322751322751,0.0003153842782085109,0.23811513004742574,0.5352568777658905,0.2275132275132275,0.00045573323586200104,0.3440785930758108,0.2798711833585919,0.00045573323586200104,MeanReversion
BA,0.2156084656084656,0.000450615763115538,0.3402149011522312,0.3219163255708401,0.2671957671957672,-0.00036401639572507,-0.27483237877242783,0.5888097449499021,0.000450615763115538,Momentum
WMB,0.2777777777777778,0.0003010018582326232,0.22725640296563054,0.24706102632166815,0.20899470899470898,0.0004505706421718985,0.3401808348397834,0.2480616367724671,0.0004505706421718985,MeanReversion
DXCM,0.2791005291005291,0.00045003594521603657,0.3397771386381076,0.3096969239370028,0.21957671957671956,0.000369266790554265,0.27879642686847006,0.2658956679218786,0.00045003594521603657,Momentum
BLDR,0.2830687830687831,0.00043586286911780417,0.32907646618394215,0.31590019725058033,0.20767195767195767,0.0004494099065010231,0.33930447940827246,0.2625791867189171,0.0004494099065010231,MeanReversion
INVH,0.22883597883597884,0.00044908178437689996,0.33905674720455947,0.16075007512082207,0.22354497354497355,0.00022896729336084167,0.17287030648743545,0.3320586490650601,0.00044908178437689996,Momentum
KEY,0.23544973544973544,-0.0003214705463491942,-0.2427102624936416,0.6601447686842049,0.22354497354497355,0.0004465443184694306,0.3371409604444201,0.2783562457100732,0.0004465443184694306,MeanReversion
REG,0.24603174603174602,0.00026062253549366445,0.19677001429771668,0.3016571341513896,0.2328042328042328,0.00044431462130396977,0.33545753908449716,0.2070998845501288,0.00044431462130396977,MeanReversion
APH,0.2804232804232804,4.8053605309320695e-05,0.036280472008537124,0.29901180669983723,0.2156084656084656,0.0004417477020848114,0.3335195150740326,0.1145131404483817,0.0004417477020848114,MeanReversion
XYL,0.25925925925925924,0.00044125187992431617,0.3331451693428587,0.11379074160919142,0.2447089947089947,6.866392361413843e-05,0.05184126232867452,0.286915605791381,0.00044125187992431617,Momentum
ES,0.23677248677248677,0.0001254424212495248,0.09470902804339121,0.2728934833323845,0.20767195767195767,0.00044089860670631567,0.33287844806326833,0.2813406669126966,0.00044089860670631567,MeanReversion
LDOS,0.2698412698412698,0.0004045667512196642,0.30544789717084647,0.13388441223587377,0.20502645502645503,0.000438121788987159,0.330781950685305,0.1417854917763986,0.000438121788987159,MeanReversion
KEYS,0.27380952380952384,-2.6081244532966853e-05,-0.019691339622389975,0.23057712623501514,0.21693121693121692,0.00043770504326554456,0.33046730766548615,0.1484688187322089,0.00043770504326554456,MeanReversion
CRM,0.25793650793650796,0.0004373099057141123,0.3301689788141548,0.2174025130344439,0.23544973544973544,-0.0002951120186426428,-0.22280957407519533,0.36043405812217577,0.0004373099057141123,Momentum
CAH,0.2698412698412698,0.00043525768607950336,0.32861955299002504,0.20881903277463082,0.22883597883597884,-0.0002622967464376174,-0.19803404356040116,0.23942193117305977,0.00043525768607950336,Momentum
JPM,0.23941798941798942,0.0004347485856717142,0.3282351821821442,0.1532065436474715,0.2619047619047619,0.00032234804925641467,0.2433727771885931,0.15583822525119248,0.0004347485856717142,Momentum
CNP,0.27380952380952384,0.00021018827012335897,0.15869214394313602,0.30157531698838297,0.20238095238095238,0.00043336266687048176,0.32718881348721374,0.2520434630974521,0.00043336266687048176,MeanReversion
PRU,0.23677248677248677,-0.00014083554463963346,-0.10633083620292326,0.45190483800191167,0.23677248677248677,0.0004314839653758426,0.32577039385876116,0.2660644359184482,0.0004314839653758426,MeanReversion
EMR,0.25,-0.0002826677337694411,-0.21341413899592804,0.3561530436580781,0.2222222222222222,0.00042881097158771036,0.3237522835487213,0.20208292887270907,0.00042881097158771036,MeanReversion
GPC,0.2843915343915344,-0.00024304840927607537,-0.1835015490034369,0.40398340819059086,0.2037037037037037,0.00042817639375141673,0.32327317728231963,0.3206480210736997,0.00042817639375141673,MeanReversion
VRSK,0.2830687830687831,-1.3936877834217833e-05,-0.010522342764834464,0.15047827680427747,0.19973544973544974,0.00042508312372715416,0.3209377584140014,0.18315003639312397,0.00042508312372715416,MeanReversion
STT,0.24867724867724866,9.28037230130094e-06,0.00700668108748221,0.19083634089071067,0.23148148148148148,0.0004230723392751102,0.3194196161527082,0.2681323130349813,0.0004230723392751102,MeanReversion
FAST,0.28174603174603174,0.000194075575701654,0.14652705965474877,0.14125141600340324,0.20105820105820105,0.00042235633128754105,0.3188790301220935,0.1557781392236829,0.00042235633128754105,MeanReversion
HST,0.2447089947089947,0.0004216334688440085,0.3183332689772264,0.2718205742191719,0.2698412698412698,0.0003553825876330992,0.2683138536629899,0.2734429613934415,0.0004216334688440085,Momentum
CLX,0.2804232804232804,0.0004215599284027748,0.31827774594409497,0.15692344562427843,0.21296296296296297,3.595475764749691e-05,0.027145842023860167,0.2826675968110501,0.0004215599284027748,Momentum
BK,0.25132275132275134,-0.00010027895681468624,-0.07571061239508811,0.32432475912785175,0.22883597883597884,0.0004191190764445964,0.31643490271567026,0.17457947382672429,0.0004191190764445964,MeanReversion
EOG,0.22354497354497355,-0.00018647423141000949,-0.14078804471455716,0.4641243025668629,0.23544973544973544,0.00041847261476011806,0.31594682414388914,0.4572742194783938,0.00041847261476011806,MeanReversion
AMCR,0.24074074074074073,-0.00018178604553877452,-0.13724846438177477,0.4224296980344292,0.20105820105820105,0.000417233526693104,0.3150113126532935,0.18827413385744485,0.000417233526693104,MeanReversion
OTIS,0.24039829302987198,-7.945105026674859e-05,-0.05577463728725751,0.2759039811687987,0.22190611664295876,0.0004169186297071892,0.2926768780544468,0.11999156498274427,0.0004169186297071892,MeanReversion
CDW,0.2526455026455027,0.000106666699564086,0.08053335817088493,0.22373349903960058,0.23809523809523808,0.0004143881919424804,0.31286308491657266,0.2031864157673384,0.0004143881919424804,MeanReversion
BAX,0.23809523809523808,-0.000647170285071335,-0.4886135652288579,0.5095114312732364,0.21164021164021163,0.00041033977894290233,0.30980653310189127,0.1457457777395403,0.00041033977894290233,MeanReversion
ABBV,0.2923280423280423,0.0001305330487407909,0.09855245179929713,0.15925367198973456,0.18121693121693122,0.00040993394865524157,0.3095001312347074,0.1342582081894457,0.00040993394865524157,MeanReversion
PLTR,0.23591549295774647,0.00040979783171685787,0.2323553705834584,0.5616196254712298,0.2852112676056338,-0.0006776751315760116,-0.38424179960359856,0.7474891534581025,0.00040979783171685787,Momentum
LHX,0.23677248677248677,-0.00027787312740345225,-0.20979421118960645,0.3132407424359045,0.21957671957671956,0.00040949974189378335,0.3091723051298064,0.1059644559155567,0.00040949974189378335,MeanReversion
MET,0.26455026455026454,0.00040130695452310995,0.302986750664948,0.23342352096133553,0.23015873015873015,0.0004094031083866824,0.30909934683194523,0.27864974535035186,0.0004094031083866824,MeanReversion
CME,0.24867724867724866,-0.00027581042683364366,-0.20823687225940096,0.25266933144688164,0.24735449735449735,0.00040842282003068997,0.30835922912317093,0.16287277591410623,0.00040842282003068997,MeanReversion
VTRS,0.2156084656084656,0.00040700246503796083,0.30728686110366044,0.16900811531965906,0.25925925925925924,-0.0001401110655002358,-0.10578385445267802,0.4483325497176786,0.00040700246503796083,Momentum
PEP,0.291005291005291,-3.1282134902241006e-05,-0.02361801185119196,0.1702288684879492,0.17592592592592593,0.0004037224989337176,0.3048104866949568,0.1142833805594212,0.0004037224989337176,MeanReversion
LEN,0.24735449735449735,-0.00022132895274567063,-0.16710335932298132,0.5221061731015363,0.22486772486772486,0.0004025476902884133,0.30392350616775204,0.6658140628071499,0.0004025476902884133,MeanReversion
AFL,0.28835978835978837,0.00011295799275643852,0.08528328453111109,0.2274980994773938,0.20502645502645503,0.0004009795007667509,0.30273952307889695,0.1282058631111206,0.0004009795007667509,MeanReversion
UNH,0.2804232804232804,0.00024649179954084005,0.18610130865333424,0.1312569511124235,0.1970899470899471,0.00039826850375289266,0.30069272033343397,0.1976062936936914,0.00039826850375289266,MeanReversion
CTVA,0.26851851851851855,0.0003812832148546852,0.28786882721528734,0.13250307928576832,0.23015873015873015,0.00039505020983245695,0.298262908423505,0.1216913396483825,0.00039505020983245695,MeanReversion
IFF,0.23809523809523808,0.0003948666002890086,0.2981242832182015,0.2129568616514762,0.26851851851851855,-0.0003722403682898194,-0.28104147805881363,0.4476814970565518,0.0003948666002890086,Momentum
CF,0.2619047619047619,0.00039426045963805045,0.29766664702672807,0.29328256459922486,0.23015873015873015,0.0003078582709022881,0.23243299453122754,0.4651414449794447,0.00039426045963805045,Momentum
JCI,0.2751322751322751,-5.821028843705039e-05,-0.04394876776997304,0.27539478318989474,0.20502645502645503,0.000393458519065434,0.29706118189440267,0.219287298605564,0.000393458519065434,MeanReversion
KHC,0.27380952380952384,-0.00017636210564451405,-0.13315338976160812,0.2840966444035067,0.2156084656084656,0.0003926848146329387,0.2964770350478687,0.1753077636771508,0.0003926848146329387,MeanReversion
HOLX,0.2605820105820106,0.00039213443456771014,0.29606149809862115,0.1642771241928742,0.23544973544973544,0.0003326794715918637,0.2511730010518571,0.22538508220038184,0.00039213443456771014,Momentum
PCAR,0.2671957671957672,0.00038970366507403445,0.294226267130896,0.16280498829148332,0.2261904761904762,0.00039209564843784066,0.2960322145705697,0.12405123451548855,0.00039209564843784066,MeanReversion
NUE,0.2724867724867725,0.0003891635311448952,0.2938184660143959,0.2895718394256699,0.23677248677248677,8.618344778237823e-05,0.06506850307569556,0.3648679060626061,0.0003891635311448952,Momentum
PNC,0.23809523809523808,-0.00016198656899309817,-0.12229985958978912,0.3204332222236016,0.23412698412698413,0.000385980488472853,0.291415268797004,0.2557548070343967,0.000385980488472853,MeanReversion
DDOG,0.26322751322751325,0.00038574801763415606,0.2912397533137878,0.4191411403153211,0.23809523809523808,-0.00026521368199159626,-0.2002363299036552,0.6201029486556755,0.00038574801763415606,Momentum
TRMB,0.25396825396825395,0.00018920508736048686,0.14284984095716757,0.26625965617527836,0.24206349206349206,0.0003856490497105074,0.2911650325314331,0.4373434029187136,0.0003856490497105074,MeanReversion
RJF,0.27645502645502645,0.0003843867608987435,0.29021200447855133,0.2055598871302975,0.21428571428571427,0.00016252499900920242,0.12270637425194783,0.2647704142821616,0.0003843867608987435,Momentum
HUBB,0.26455026455026454,5.063500975050347e-05,0.03822943236163012,0.2086704152235475,0.21296296296296297,0.0003838046153299402,0.28977248457410487,0.17790085709100562,0.0003838046153299402,MeanReversion
CL,0.2698412698412698,0.00011204465215204596,0.0845937123747947,0.09956662051629861,0.20634920634920634,0.0003823067083888034,0.2886415648335466,0.0945015001864855,0.0003823067083888034,MeanReversion
MO,0.2896825396825397,0.00038197885363505765,0.28839403449446854,0.11350367718242814,0.1984126984126984,0.0001890716020427561,0.14274905954228087,0.1606082305401315,0.00038197885363505765,Momentum
USB,0.24206349206349206,0.0003798747433601752,0.2868054312369323,0.18962980870971732,0.24206349206349206,0.00025274131610561213,0.19081969365973717,0.2389899824161373,0.0003798747433601752,Momentum
LULU,0.2698412698412698,0.0003216517147926818,0.24284704466847476,0.29099768602380993,0.23677248677248677,0.0003784288456959006,0.28571377850040497,0.25227589387870997,0.0003784288456959006,MeanReversion
GEN,0.23809523809523808,-5.8349430747843664e-05,-0.044053820214621967,0.3041609636182927,0.22486772486772486,0.00037719906439327765,0.2847852936169246,0.2081799984491305,0.00037719906439327765,MeanReversion
ABNB,0.22393822393822393,0.00015497097122168206,0.08011999212160963,0.18078217512594974,0.2625482625482625,0.00037572559126511183,0.19425013068406283,0.30978090064749175,0.00037572559126511183,MeanReversion
CMG,0.25793650793650796,0.0003755293220399947,0.283524638140196,0.1456889885026958,0.2328042328042328,-9.637143848042664e-05,-0.07276043605272212,0.2978436156622236,0.0003755293220399947,Momentum
AMT,0.25793650793650796,0.00037135551083259836,0.28037341067861177,0.18783233986508213,0.25793650793650796,-0.00013333205664450953,-0.10066570276660469,0.45391473836338125,0.00037135551083259836,Momentum
HON,0.28174603174603174,0.0003679852402362828,0.2778288563783935,0.2131490685058623,0.22354497354497355,3.255461215312427e-05,0.024578732175608825,0.22902696692898622,0.0003679852402362828,Momentum
PGR,0.2671957671957672,0.00030130838218469017,0.22748782854944108,0.10808422568838333,0.21825396825396826,0.00036613972394838255,0.2764354915810288,0.16405935803459593,0.00036613972394838255,MeanReversion
UNP,0.2791005291005291,6.261564996239442e-05,0.047274815721607785,0.12480827669758872,0.19973544973544974,0.00036544142364107186,0.27590827484900926,0.138617559172465,0.00036544142364107186,MeanReversion
AVY,0.2552910052910053,-3.5261987065752396e-05,-0.026622800234643057,0.32662535758139843,0.24206349206349206,0.00036162019336819987,0.2730232459929909,0.3003312995156573,0.00036162019336819987,MeanReversion
AXP,0.26322751322751325,0.00025220573827336874,0.19041533239639338,0.14198998336163635,0.25396825396825395,0.00036000857928635954,0.27180647736120145,0.2560910919372296,0.00036000857928635954,MeanReversion
TEL,0.26455026455026454,-2.344821959495963e-06,-0.0017703405794194521,0.2082514670116863,0.2328042328042328,0.00035929600450592216,0.27126848340197124,0.19843244754651684,0.00035929600450592216,MeanReversion
EQR,0.2261904761904762,0.0003560081787697324,0.268786174971148,0.14511997840493684,0.24206349206349206,0.00011952085530503981,0.09023824575530506,0.259264156200673,0.0003560081787697324,Momentum
AES,0.2698412698412698,0.00035542667172823174,0.26834713715481495,0.3037057453658132,0.21825396825396826,-0.0002153922066699676,-0.16262111603582555,0.4728401723308548,0.00035542667172823174,Momentum
NWS,0.24735449735449735,7.557528470514723e-05,0.05705933995238616,0.31655774983692714,0.23412698412698413,0.0003535933514656283,0.26696298035654936,0.2653330052664555,0.0003535933514656283,MeanReversion
MU,0.24735449735449735,-0.0009844994064030265,-0.743297051834285,0.9689209783616629,0.20767195767195767,0.00034527611101616354,0.2606834638172035,0.1893183659969363,0.00034527611101616354,MeanReversion
CTRA,0.25,0.0003445679700307573,0.26014881737322176,0.4073154007615112,0.23544973544973544,-0.00021875818704848523,-0.16516243122160634,0.3195704983400086,0.0003445679700307573,Momentum
LMT,0.2724867724867725,4.232685173779794e-05,0.031956773062037445,0.1968221936894307,0.21031746031746032,0.00034365725001698843,0.25946122376282627,0.13228936079311182,0.00034365725001698843,MeanReversion
AMGN,0.23809523809523808,5.030504437200183e-05,0.03798030850086138,0.1568344561589911,0.24603174603174602,0.0003425557036132182,0.25862955622797973,0.253151060167931,0.0003425557036132182,MeanReversion
NI,0.2605820105820106,-0.0001462766787836683,-0.11043889248166958,0.325427673856666,0.19973544973544974,0.00034219643951041544,0.2583583118303637,0.1162380301762311,0.00034219643951041544,MeanReversion
INCY,0.2328042328042328,-0.00017027104977188152,-0.12855464257777055,0.5225209307908286,0.2671957671957672,0.00034132565609897925,0.25770087035472933,0.17281629711874008,0.00034132565609897925,MeanReversion
RSG,0.294973544973545,0.00033477052588720127,0.25275174704483694,0.1101586656182223,0.18386243386243387,0.00021079203727203066,0.15914798814038314,0.1310322230746742,0.00033477052588720127,Momentum
SWK,0.25925925925925924,-0.0003645232674694131,-0.2752150669394069,0.6238310842641941,0.25793650793650796,0.000332283346383739,0.25087392651972296,0.29352630127372287,0.000332283346383739,MeanReversion
T,0.2447089947089947,0.00033087897531517395,0.24981362636295634,0.1686537868473006,0.24074074074074073,-4.3806508806818205e-05,-0.033073914149147746,0.19796354489122744,0.00033087897531517395,Momentum
SPGI,0.27116402116402116,-9.162781811490637e-05,-0.06917900267675431,0.25067584151674516,0.24206349206349206,0.00032965168641443444,0.24888702324289802,0.2817017716657654,0.00032965168641443444,MeanReversion
PKG,0.2552910052910053,-0.00030873214662901783,-0.23309277070490847,0.3285688419201673,0.23015873015873015,0.0003295159901996527,0.2487845726007378,0.1416484273264192,0.0003295159901996527,MeanReversion
KMX,0.2619047619047619,-0.00019126537424518216,-0.14440535755511252,0.655138929778816,0.23412698412698413,0.00032686568684949836,0.24678359357137125,0.4115341061085406,0.00032686568684949836,MeanReversion
MLM,0.23941798941798942,0.0003264672718214003,0.24648279022515723,0.23127858525018985,0.24603174603174602,0.0002680635837833113,0.20238800575640004,0.178334808767179,0.0003264672718214003,Momentum
SNA,0.26455026455026454,0.0003260567704919226,0.24617286172140157,0.12995534441592993,0.23809523809523808,0.00025120895913213526,0.1896627641447621,0.17384961666128837,0.0003260567704919226,Momentum
CPT,0.2843915343915344,0.0003248818241932444,0.24528577726589954,0.2008508423245981,0.21825396825396826,1.8193700959575938e-06,0.0013736244224479832,0.3048521859773763,0.0003248818241932444,Momentum
APD,0.2619047619047619,0.0003241451450036734,0.24472958447777343,0.29291423100368186,0.21957671957671956,0.00019202588000450692,0.14497953940340272,0.2073693545235739,0.0003241451450036734,Momentum
GIS,0.2830687830687831,6.393153620416676e-05,0.0482683098341459,0.2408506972303693,0.19444444444444445,0.00032406864090845527,0.2446718238858837,0.17217857510285328,0.00032406864090845527,MeanReversion
PG,0.28174603174603174,-9.156267122906402e-05,-0.06912981677794333,0.21381220014616725,0.1970899470899471,0.0003215998839851651,0.24280791240879968,0.14939900735366785,0.0003215998839851651,MeanReversion
VMC,0.25,-6.446548072256648e-05,-0.04867143794553769,0.35953508796422085,0.24603174603174602,0.00031933768197856254,0.24109994989381472,0.25923759789509476,0.00031933768197856254,MeanReversion
EPAM,0.2698412698412698,0.0003173404933666238,0.23959207249180098,0.3033260292508364,0.21825396825396826,0.0001490447351776269,0.1125287750591083,0.5070767111823947,0.0003173404933666238,Momentum
YUM,0.2804232804232804,0.0001705006859251405,0.12872801787348107,0.1186577276944103,0.21825396825396826,0.0003112861119596395,0.2350210145295278,0.2088508314079805,0.0003112861119596395,MeanReversion
WDAY,0.2698412698412698,0.0002020573570302565,0.15255330455784366,0.43287366281414763,0.21296296296296297,0.000310797041257598,0.2346517661494865,0.24168316279789012,0.000310797041257598,MeanReversion
RVTY,0.291005291005291,0.00030911014992647236,0.23337816319448662,0.2652159171785816,0.22486772486772486,-2.4427856684380304e-05,-0.01844303179670713,0.307008275330464,0.00030911014992647236,Momentum
AVGO,0.26851851851851855,-6.294475109121703e-05,-0.04752328707386885,0.3307971147512606,0.20899470899470898,0.00030894605161617075,0.2332542689702089,0.1970209351859025,0.00030894605161617075,MeanReversion
CHD,0.2671957671957672,-4.616542047872998e-06,-0.0034854892461441134,0.17079214625193145,0.22354497354497355,0.0003076250952667077,0.23225694692636434,0.13978306884862474,0.0003076250952667077,MeanReversion
AEE,0.26587301587301587,-0.00034248013008765944,-0.2585724982161829,0.5160899762851969,0.1970899470899471,0.00030515176215762453,0.23038958042900654,0.1493024444616027,0.00030515176215762453,MeanReversion
COF,0.2526455026455027,3.9063892131664565e-05,0.029493238559406748,0.3619073315466956,0.24074074074074073,0.0003034404821006583,0.229097563985997,0.25378929166584907,0.0003034404821006583,MeanReversion
PSA,0.2857142857142857,0.00030294512306193623,0.22872356791176185,0.15014992372180974,0.21825396825396826,0.00013520805707275727,0.10208208308993175,0.28435418795993866,0.00030294512306193623,Momentum
HUM,0.25396825396825395,0.00030153154139320973,0.22765631375187334,0.19943870351176735,0.21825396825396826,6.667275979965371e-05,0.05033793364873855,0.28825521168630575,0.00030153154139320973,Momentum
AMZN,0.2671957671957672,0.00030058815660936156,0.22694405824006797,0.3198535794954106,0.24603174603174602,1.4184047307050087e-05,0.010708955716822816,0.3351555505412183,0.00030058815660936156,Momentum
UDR,0.27645502645502645,0.00029485919195650035,0.22261868992715775,0.24390855930156674,0.22883597883597884,0.00014281307257466594,0.10782386979387279,0.22471581715774355,0.00029485919195650035,Momentum
FE,0.2976190476190476,0.0002938473827837095,0.22185477400170067,0.13814828978145757,0.19444444444444445,-0.00030411361767228534,-0.22960578134257542,0.40171382098912156,0.0002938473827837095,Momentum
NTAP,0.2791005291005291,0.0002936153967675301,0.22167962455948526,0.24474482708044543,0.23809523809523808,-5.946188783028503e-05,-0.044893725311865196,0.3613291992401487,0.0002936153967675301,Momentum
APO,0.26322751322751325,0.0002913994333747727,0.2200065721979534,0.32301420822573784,0.21164021164021163,0.00024397533233963095,0.18420137591642136,0.2636533568509998,0.0002913994333747727,Momentum
EXC,0.2804232804232804,0.00011340441781632341,0.08562033545132418,0.13606793200177558,0.20634920634920634,0.000290832456903666,0.2195785049622678,0.19232028547757785,0.000290832456903666,MeanReversion
NDAQ,0.2724867724867725,0.00028905233382832375,0.2182345120403844,0.09977890556763092,0.23412698412698413,0.00022246932419548764,0.16796433976759317,0.30409544314234893,0.00028905233382832375,Momentum
ABT,0.25396825396825395,0.0001142004743273036,0.08622135811711422,0.18025606222864993,0.21296296296296297,0.000287992759040474,0.21743453307555788,0.1634249939256423,0.000287992759040474,MeanReversion
DTE,0.25396825396825395,5.2803901766806405e-05,0.039866945833938836,0.18663289380032008,0.1865079365079365,0.00028389042334228947,0.21433726962342853,0.2065882989434934,0.00028389042334228947,MeanReversion
TMO,0.2857142857142857,-0.00013627978707305845,-0.10289123924015914,0.20034834927256662,0.21957671957671956,0.0002829449788943299,0.21362345906521907,0.2154300659582345,0.0002829449788943299,MeanReversion
HD,0.2830687830687831,-3.238016797424378e-06,-0.002444702682055405,0.25277839480460845,0.2037037037037037,0.0002827702213929533,0.21349151715167974,0.15904908473137888,0.0002827702213929533,MeanReversion
BR,0.2605820105820106,-0.00018413487364493604,-0.13902182960192672,0.342461937146633,0.2261904761904762,0.0002827288013129781,0.21346024499129848,0.23073609178653168,0.0002827288013129781,MeanReversion
ERIE,0.2698412698412698,0.00013813939548206725,0.10429524358896078,0.17769875364898463,0.21825396825396826,0.0002821802566773952,0.21304609379143336,0.38601616135019656,0.0002821802566773952,MeanReversion
GS,0.24603174603174602,0.00020231652167180774,0.15274897386221484,0.16179095748850436,0.25396825396825395,0.0002816212757324321,0.2126240631779862,0.2069958103797055,0.0002816212757324321,MeanReversion
TDG,0.27380952380952384,0.00027923707009808077,0.210823987924051,0.23517987459699202,0.23412698412698413,-0.00012051319772061639,-0.09098746427906537,0.34264207338119745,0.00027923707009808077,Momentum
EG,0.26587301587301587,0.0002787387536538132,0.21044775900862894,0.15088345412773965,0.22354497354497355,0.00014473870276597535,0.1092777205883114,0.18017880190558355,0.0002787387536538132,Momentum
EXPE,0.24206349206349206,0.0002768759416158984,0.2090413359200033,0.5768213864373217,0.25925925925925924,-0.0010612303764409897,-0.8012289342129473,0.8805450251402034,0.0002768759416158984,Momentum
CINF,0.24603174603174602,-0.0005936803659033323,-0.4482286762570159,0.5669693430354008,0.2208994708994709,0.00027686350122242665,0.20903194342293213,0.3617649768591403,0.00027686350122242665,MeanReversion
HRL,0.27645502645502645,0.00021101223903860117,0.1593142404741439,0.15000239675727806,0.19047619047619047,0.0002763698091197604,0.2086592058854191,0.1067512048804739,0.0002763698091197604,MeanReversion
EA,0.2671957671957672,6.7072293743310145e-06,0.005063958177619916,0.15930633637893718,0.2328042328042328,0.00027539359873167516,0.20792216704241476,0.20450095446318356,0.00027539359873167516,MeanReversion
CMS,0.2777777777777778,0.00013765178458240783,0.10392709735971792,0.21889450449965175,0.1984126984126984,0.00027513282792703556,0.20772528508491184,0.14384278011782842,0.00027513282792703556,MeanReversion
TRV,0.2751322751322751,-0.00016850723316974898,-0.12722296104316047,0.4333447511032661,0.18915343915343916,0.0002745880512197413,0.2073139786709047,0.1441122110468434,0.0002745880512197413,MeanReversion
TROW,0.2751322751322751,6.794945063865963e-05,0.05130183523218802,0.2209656737145787,0.20899470899470898,0.00027410690426560346,0.20695071272053062,0.28171847296890523,0.00027410690426560346,MeanReversion
FDX,0.2671957671957672,0.00027394630585458163,0.20682946092020915,0.3436693265046773,0.24206349206349206,-0.0001377874132737823,-0.10402949702170564,0.3135456801355558,0.00027394630585458163,Momentum
NFLX,0.23544973544973544,-0.0001903448400971338,-0.143710354273336,0.41270039933214864,0.23677248677248677,0.00027202413524767016,0.20537822211199097,0.29801598082959707,0.00027202413524767016,MeanReversion
NWSA,0.2552910052910053,0.0001571418661470844,0.11864210894104874,0.3620872213185801,0.23677248677248677,0.00026918738565991334,0.2032364761732346,0.3400284637163647,0.00026918738565991334,MeanReversion
AVB,0.25793650793650796,0.0002684077645605216,0.20264786224319378,0.16922097116937962,0.23412698412698413,7.52790704492447e-05,0.056835698189179745,0.24731358623053656,0.0002684077645605216,Momentum
KO,0.2896825396825397,0.00026805901792460805,0.20238455853307907,0.1296711944063615,0.1970899470899471,0.00021456736931164678,0.1619983638302933,0.13533215550236402,0.00026805901792460805,Momentum
XEL,0.27116402116402116,3.9230900523968785e-05,0.02961932989559643,0.2723700110679881,0.2156084656084656,0.00026802430767924873,0.20235835229783278,0.1393617973897398,0.00026802430767924873,MeanReversion
AWK,0.2830687830687831,0.0002656070505742886,0.20053332318358788,0.19718243421136744,0.20502645502645503,-7.2899001889740825e-06,-0.005503874642675433,0.30448224785644923,0.0002656070505742886,Momentum
IDXX,0.28703703703703703,4.0665460571546055e-05,0.03070242273151727,0.16315247392922194,0.1970899470899471,0.00026488745938124924,0.1999900318328432,0.2700854147019886,0.00026488745938124924,MeanReversion
BG,0.291005291005291,0.0002051628715386053,0.154897968011647,0.2149261595165166,0.2037037037037037,0.0002639975373053333,0.19931814066552664,0.38194796086198635,0.0002639975373053333,MeanReversion
DGX,0.29894179894179895,0.00026354088132208095,0.19897336539817112,0.20066152204268248,0.21296296296296297,7.915777776927086e-05,0.059764122215799506,0.26175250140554157,0.00026354088132208095,Momentum
WMT,0.25,-0.00032225219527091384,-0.24330040742953993,0.2899030041243658,0.23412698412698413,0.00026137789990869224,0.19734031443106265,0.12208676969083354,0.00026137789990869224,MeanReversion
FRT,0.25,-0.00016504900583331784,-0.12461199940415496,0.4602221345546127,0.2222222222222222,0.00026086600852483704,0.19695383643625197,0.23132577462678255,0.00026086600852483704,MeanReversion
DD,0.2447089947089947,0.00026044674995833546,0.19663729621854328,0.3010614077779303,0.24867724867724866,1.7732225096923637e-05,0.013387829948177346,0.32462884053149155,0.00026044674995833546,Momentum
WEC,0.2552910052910053,-0.00018058559138820529,-0.136342121498095,0.27145522705232594,0.22354497354497355,0.00025907544895527416,0.195601963961232,0.1288023506462002,0.00025907544895527416,MeanReversion
EXR,0.2804232804232804,0.0002567619261712611,0.1938552542593021,0.30128130359045713,0.2156084656084656,0.0001960370632213013,0.1480079827320825,0.3209182464644478,0.0002567619261712611,Momentum
V,0.26851851851851855,3.606735756410254e-05,0.027230854960897416,0.17891683432267141,0.23148148148148148,0.00025416679286833675,0.19189592861559424,0.32404322140905006,0.00025416679286833675,MeanReversion
BAC,0.2566137566137566,0.00025411925980835405,0.1918600411553073,0.17351197836797047,0.24735449735449735,-1.7175831904796112e-05,-0.012967753088121065,0.3066012153022368,0.00025411925980835405,Momentum
MA,0.25925925925925924,0.000172748371566477,0.13042502053269012,0.1893844676375205,0.23544973544973544,0.0002506753392052703,0.1892598810999791,0.24893364448502553,0.0002506753392052703,MeanReversion
MKTX,0.2261904761904762,0.00022323990305137957,0.16854612680379158,0.29920082097415346,0.24338624338624337,0.0002497687399936467,0.18857539869520323,0.516135001715198,0.0002497687399936467,MeanReversion
WSM,0.2923280423280423,0.00024919619503243695,0.1881431272494899,0.554028083820719,0.22486772486772486,-0.00012446167588371274,-0.09396856529220313,0.454730794605983,0.00024919619503243695,Momentum
CHRW,0.28174603174603174,0.00019694989280901986,0.14869716907081,0.16221355340371796,0.2156084656084656,0.00024591585801036765,0.18566647279782758,0.16098053359567088,0.00024591585801036765,MeanReversion
ALB,0.2896825396825397,0.00024248773425853028,0.18307823936519035,0.2810127473380225,0.21164021164021163,9.672061269995788e-05,0.07302406258846819,0.2467346091503887,0.00024248773425853028,Momentum
GNRC,0.25132275132275134,0.00023657404836584066,0.1786134065162097,0.46400370463652707,0.25793650793650796,8.475394787341614e-05,0.06398923064442918,0.7415710368623312,0.00023657404836584066,Momentum
MRK,0.25,0.00023549617320851112,0.1777996107724259,0.07290870986639549,0.24074074074074073,0.00014124994293824488,0.10664370691837488,0.20127848176514018,0.00023549617320851112,Momentum
AEP,0.2962962962962963,0.00023303562268881808,0.17594189513005765,0.19624471546682262,0.21031746031746032,-5.364983253897067e-05,-0.04050562356692286,0.32124665693113197,0.00023303562268881808,Momentum
HAS,0.26322751322751325,-0.00054068537280462,-0.4082174564674881,0.4082174564674879,0.23677248677248677,0.00023027290100690405,0.17385604026021256,0.1956963295382151,0.00023027290100690405,MeanReversion
MMM,0.25,-0.00013141323238817214,-0.09921699045306996,0.2320266738581487,0.22354497354497355,0.00022934068508897182,0.17315221724217372,0.14745527213683343,0.00022934068508897182,MeanReversion
NEE,0.2724867724867725,0.00022910868242631644,0.1729770552318689,0.18406207284443069,0.21296296296296297,8.582251877578598e-05,0.06479600167571842,0.3168563390836052,0.00022910868242631644,Momentum
MDLZ,0.26455026455026454,2.7184468467855836e-05,0.020524273693231156,0.10791956781072601,0.20899470899470898,0.00022844089977964394,0.17247287933363117,0.1269386508544502,0.00022844089977964394,MeanReversion
BEN,0.24074074074074073,-0.00013197842097855244,-0.09964370783880709,0.3520683955546422,0.25132275132275134,0.00022484314170233147,0.16975657198526026,0.2517057188896235,0.00022484314170233147,MeanReversion
EQIX,0.2671957671957672,-4.127828220378161e-05,-0.031165103063855115,0.3105637052241959,0.23941798941798942,0.00022455076132318885,0.16953582479900758,0.3008653712269521,0.00022455076132318885,MeanReversion
TPR,0.2671957671957672,-4.789121496072139e-05,-0.03615786729534465,0.33894829064428134,0.21031746031746032,0.00022406314349714487,0.16916767334034438,0.3025322625316618,0.00022406314349714487,MeanReversion
CMCSA,0.26851851851851855,-0.00028885532398145296,-0.218085769605997,0.4629037717639865,0.22486772486772486,0.00022399287569320968,0.1691146211483733,0.2713417723553698,0.00022399287569320968,MeanReversion
GLW,0.23544973544973544,-0.00013220074944768776,-0.09981156583300427,0.3344260112566054,0.21428571428571427,0.000219127686315625,0.16544140316829686,0.22458532948969323,0.000219127686315625,MeanReversion
KKR,0.28703703703703703,-5.004841317792987e-05,-0.037786551949337055,0.628633817054761,0.2156084656084656,0.00021903895574036815,0.16537441158397795,0.2476075201243264,0.00021903895574036815,MeanReversion
DLR,0.26455026455026454,0.00021750153157575362,0.16421365633969398,0.20464002028043532,0.24338624338624337,-0.0005191367329818704,-0.3919482334013122,0.5055873780225544,0.00021750153157575362,Momentum
CPB,0.26322751322751325,-9.617268569200227e-05,-0.07261037769746172,0.16667502436336457,0.2222222222222222,0.00021564685363745294,0.16281337449627697,0.1270699759757677,0.00021564685363745294,MeanReversion
LNT,0.26322751322751325,7.069833059567683e-05,0.053377239599736004,0.22080017311376704,0.2222222222222222,0.00021381920254697113,0.16143349792296321,0.2266091463388645,0.00021381920254697113,MeanReversion
STE,0.27116402116402116,0.00020746735620312326,0.15663785393335805,0.19411791226758507,0.23412698412698413,-0.00010487012086864906,-0.07917694125583004,0.3180425896677258,0.00020746735620312326,Momentum
RL,0.2698412698412698,0.00017446921498160314,0.13172425731111037,0.22254173539973027,0.24206349206349206,0.00020736305407892828,0.15655910582959084,0.2509642173250218,0.00020736305407892828,MeanReversion
DIS,0.20634920634920634,0.000147978649777246,0.11172388058182074,0.17424467639729413,0.2698412698412698,0.00020558109900975082,0.15521372975236186,0.34669877343986555,0.00020558109900975082,MeanReversion
PYPL,0.24735449735449735,0.00014315236057419096,0.10808003223351417,0.36076251362662654,0.24867724867724866,0.00020337028340133192,0.1535445639680056,0.40340982196049524,0.00020337028340133192,MeanReversion
LII,0.25132275132275134,0.00020247072671589683,0.1528653986705021,0.23379879113553148,0.21428571428571427,0.00011579471430280688,0.0874250092986192,0.2166048822575826,0.00020247072671589683,Momentum
HSIC,0.2671957671957672,0.0002019005764802974,0.15243493524262453,0.12482441074506259,0.24603174603174602,7.6766289198685e-05,0.057958548345007174,0.1643871829040061,0.0002019005764802974,Momentum
CFG,0.23941798941798942,-0.0005264623001140074,-0.39747903658607564,0.5240619150595568,0.24074074074074073,0.0002002807194614655,0.15121194319340645,0.31545741725625176,0.0002002807194614655,MeanReversion
APTV,0.25132275132275134,0.0001991347399822701,0.15034672868661392,0.34455639434896196,0.24867724867724866,-3.553726479884924e-05,-0.026830634923131175,0.5246250742861954,0.0001991347399822701,Momentum
ACN,0.2619047619047619,-8.727700540809674e-05,-0.06589413908311303,0.23454258657875038,0.20238095238095238,0.00019737622021870593,0.14901904626512297,0.20766204154139803,0.00019737622021870593,MeanReversion
AIZ,0.2923280423280423,6.476707220505431e-05,0.048899139514816004,0.33801926146017003,0.22486772486772486,0.00019668183674077683,0.1484947867392865,0.17336472856885962,0.00019668183674077683,MeanReversion
BSX,0.27380952380952384,-0.00025646072026254673,-0.1936278437982228,0.28976330253061455,0.23809523809523808,0.00019533237719675353,0.14747594478354892,0.2109596137221986,0.00019533237719675353,MeanReversion
SBUX,0.23941798941798942,-4.1117851730686684e-05,-0.031043978056668448,0.152540235018047,0.23015873015873015,0.0001946952784473201,0.14699493522772666,0.346308975430453,0.0001946952784473201,MeanReversion
ED,0.2724867724867725,0.0001548806011730166,0.11693485388562752,0.17819523232508128,0.21296296296296297,0.0001940452489846854,0.1465041629834375,0.2015002606180517,0.0001940452489846854,MeanReversion
IBM,0.2526455026455027,-0.00011624356147254522,-0.08776388891177164,0.38546019049563907,0.21693121693121692,0.00019246852184474426,0.1453137339927819,0.16159282541621972,0.00019246852184474426,MeanReversion
SYF,0.26455026455026454,-6.200315626060084e-05,-0.046812382976753636,0.5243396949163589,0.22486772486772486,0.00019166743341231138,0.1447089122262951,0.3832358544668505,0.00019166743341231138,MeanReversion
WM,0.29365079365079366,0.0001873958345258023,0.14148385506698075,0.126467254906573,0.21428571428571427,2.6198979884210054e-05,0.01978022981257859,0.1400041553965558,0.0001873958345258023,Momentum
BKNG,0.25132275132275134,0.00018736542745880928,0.141460897731401,0.3297363307343095,0.2724867724867725,-0.00011998293127550745,-0.09058711311300813,0.40172083074173826,0.00018736542745880928,Momentum
PPL,0.2526455026455027,0.00018360225259138042,0.1386197007064922,0.2424755200259489,0.2037037037037037,4.592990035255633e-05,0.03467707476618003,0.23107852139089438,0.00018360225259138042,Momentum
TKO,0.2526455026455027,-0.0006372742262739907,-0.48114204083686296,0.6084157697874717,0.23412698412698413,0.00018146963983529184,0.13700957807564534,0.24573703477921477,0.00018146963983529184,MeanReversion
IPG,0.2605820105820106,0.00017912034148939645,0.13523585782449432,0.43523217706240835,0.2261904761904762,7.741839323493265e-05,0.058450886892374154,0.2035380065222114,0.00017912034148939645,Momentum
KIM,0.26587301587301587,5.1976261508528236e-05,0.039242077438938816,0.3802964575841354,0.21428571428571427,0.0001782643532814297,0.13458958672747942,0.3478718332330102,0.0001782643532814297,MeanReversion
OKE,0.2619047619047619,0.00016942311660784906,0.12791445303892604,0.2945790610225087,0.2328042328042328,-0.0005765642620754177,-0.43530601786694034,0.9261262130397201,0.00016942311660784906,Momentum
ATO,0.2698412698412698,0.00016889724175448098,0.12751741752463314,0.1774140495934148,0.21957671957671956,3.5795241678171696e-05,0.027025407467019633,0.19108727344299878,0.00016889724175448098,Momentum
ESS,0.2724867724867725,0.00016804494127250263,0.1268739306607395,0.27397983406523185,0.23677248677248677,9.231126511409851e-05,0.06969500516114438,0.23447093144391445,0.00016804494127250263,Momentum
GDDY,0.25396825396825395,0.00016734650930453097,0.12634661452492088,0.20522703775193948,0.24074074074074073,-5.636929517413367e-05,-0.04255881785647092,0.2715376454692131,0.00016734650930453097,Momentum
BXP,0.24206349206349206,0.00016621735619174615,0.12549410392476834,0.20932597021528787,0.25,-6.751809370330462e-05,-0.050976160745994994,0.2136405222335149,0.00016621735619174615,Momentum
IQV,0.2671957671957672,0.0001634332622337228,0.12339211298646072,0.15567881882804985,0.24735449735449735,-4.47629422329417e-05,-0.033796021385870983,0.3120727127145395,0.0001634332622337228,Momentum
VZ,0.2156084656084656,-4.560589109705858e-05,-0.034432447778279224,0.10618408476116271,0.24867724867724866,0.00016196509781172812,0.12228364884785473,0.18360427473849686,0.00016196509781172812,MeanReversion
LVS,0.21428571428571427,-0.0002782348536575763,-0.2100673145114701,0.36521168832665385,0.2724867724867725,0.00016022830136880857,0.12097236753345048,0.43179924385800983,0.00016022830136880857,MeanReversion
CCL,0.20502645502645503,0.0001593124033330428,0.12028086451644732,0.46245987804370736,0.28174603174603174,-0.0004990007961650656,-0.3767456011046246,0.5871230831632193,0.0001593124033330428,Momentum
TSN,0.21693121693121692,-0.00013049823720637466,-0.09852616909081287,0.1590712848077093,0.2552910052910053,0.00015891956413331275,0.11998427092065113,0.15852472104210016,0.00015891956413331275,MeanReversion
EL,0.26851851851851855,3.417192336225831e-05,0.025799802138505024,0.4342287001849247,0.21957671957671956,0.00015715086871682146,0.1186489058812002,0.23599207565767943,0.00015715086871682146,MeanReversion
ALGN,0.21428571428571427,-0.00027857555640549013,-0.21032454508614504,0.508434481151118,0.2724867724867725,0.00015703863878523588,0.1185641722828531,0.725622910447671,0.00015703863878523588,MeanReversion
SBAC,0.26455026455026454,0.00012905517682926623,0.09743665850609601,0.37743129644418144,0.24074074074074073,0.0001565399584901286,0.1181876686600471,0.38357948335867703,0.0001565399584901286,MeanReversion
TYL,0.25132275132275134,0.00015619035506394201,0.11792371807327623,0.16780919986011872,0.2447089947089947,0.0001084934792058222,0.08191257680039576,0.3440594734406726,0.00015619035506394201,Momentum
CAG,0.26455026455026454,-5.889489756069971e-06,-0.004446564765832828,0.15284206504131392,0.20634920634920634,0.00015295536814439645,0.11548130294901932,0.1399257155888144,0.00015295536814439645,MeanReversion
JBHT,0.26587301587301587,-0.0006496043854510508,-0.49045131101554335,0.5964579244723798,0.21825396825396826,0.0001521227295378705,0.11485266080109222,0.21074654801309833,0.0001521227295378705,MeanReversion
UPS,0.25925925925925924,0.00015013689332369736,0.11335335445939151,0.19492662166993802,0.24206349206349206,2.5210898894417082e-05,0.019034228665284897,0.3020712440176633,0.00015013689332369736,Momentum
GL,0.2526455026455027,0.00014830437432412772,0.11196980261471644,0.21687375279870375,0.22883597883597884,4.349234038545946e-05,0.03283671699102189,0.2348435996743391,0.00014830437432412772,Momentum
ZBH,0.21957671957671956,-6.0587811235198836e-05,-0.04574379748257512,0.2624680745935359,0.2698412698412698,0.0001468407004491399,0.11086472883910063,0.3884287441783533,0.0001468407004491399,MeanReversion
MAA,0.2671957671957672,0.00014524972521420818,0.10966354253672718,0.1604220031239839,0.2222222222222222,-0.00032612612195427934,-0.2462252220754809,0.27464551277651506,0.00014524972521420818,Momentum
TECH,0.25132275132275134,0.00014252170015713352,0.10760388361863582,0.28467258858798217,0.23412698412698413,6.546030255614088e-05,0.04942252842988637,0.3427915152421364,0.00014252170015713352,Momentum
GD,0.2777777777777778,1.9052048770254845e-06,0.0014384296821542408,0.2055776828636454,0.18386243386243387,0.00014047663239485683,0.10605985745811691,0.1620472521650422,0.00014047663239485683,MeanReversion
PLD,0.2962962962962963,0.00013805286544212053,0.104229913408801,0.28553099820319466,0.21031746031746032,-0.0002531662370185374,-0.19114050894899573,0.45968201717926066,0.00013805286544212053,Momentum
WTW,0.25925925925925924,-0.00041569885880371856,-0.3138526383968075,0.31591271229552437,0.23412698412698413,0.00013793166612955155,0.10413840792781141,0.17800980064602345,0.00013793166612955155,MeanReversion
MTB,0.26322751322751325,-2.8772833079524603e-05,-0.021723488975041075,0.30500307991992165,0.23809523809523808,0.00013537502712376506,0.10220814547844262,0.31746255239558396,0.00013537502712376506,MeanReversion
MKC,0.2698412698412698,-0.00011719246101622633,-0.08848030806725088,0.21584333260894,0.23412698412698413,0.0001330461481216669,0.10044984183185851,0.1515321123049973,0.0001330461481216669,MeanReversion
OMC,0.25,0.00013203080251338983,0.09968325589760932,0.26848812033379343,0.24206349206349206,3.988129182495011e-05,0.030110375327837335,0.1926106010880105,0.00013203080251338983,Momentum
FIS,0.24074074074074073,-0.00022300686223880213,-0.1683701809902956,0.32445734946050936,0.22883597883597884,0.00013042210681944036,0.09846869064867747,0.35985544914808587,0.00013042210681944036,MeanReversion
KMB,0.24338624338624337,0.00012818300639722238,0.0967781698299029,0.0985498637534492,0.23015873015873015,-0.00026386331692993215,-0.19921680428209876,0.2503254259628597,0.00012818300639722238,Momentum
NKE,0.24338624338624337,-0.00022129705420725318,-0.16707927592647615,0.34901180707855095,0.24074074074074073,0.000127667423710316,0.09638890490128858,0.23324789733958523,0.000127667423710316,MeanReversion
TMUS,0.26587301587301587,-0.0003685948528642496,-0.27828911391250843,0.3964812572201455,0.23544973544973544,0.00011592983600558066,0.0875270261842134,0.2366287565605534,0.00011592983600558066,MeanReversion
BDX,0.2552910052910053,-2.8621447465011163e-05,-0.021609192836083427,0.15049514136390033,0.24206349206349206,0.00011449938377103843,0.08644703474713401,0.11781141771445901,0.00011449938377103843,MeanReversion
GE,0.22883597883597884,0.00010371350030151074,0.07830369272764061,0.3039389404589674,0.25132275132275134,4.197386003243578e-06,0.0031690264324489015,0.28653635457573456,0.00010371350030151074,Momentum
GRMN,0.25132275132275134,8.367287349177393e-05,0.06317301948628931,0.20469278898369195,0.2275132275132275,9.334032630493744e-05,0.07047194636022777,0.27214138670038535,9.334032630493744e-05,MeanReversion
BALL,0.2619047619047619,-0.00022575762197521822,-0.17044700459128975,0.5073569171278288,0.2275132275132275,9.323864828470224e-05,0.07039517945495019,0.3084239183954447,9.323864828470224e-05,MeanReversion
RTX,0.24735449735449735,6.834558100846088e-05,0.05160091366138796,0.19507283306684164,0.2328042328042328,9.248469378685287e-05,0.06982594380907392,0.2674371745081382,9.248469378685287e-05,MeanReversion
AON,0.2724867724867725,8.853800587976655e-06,0.006684619443922374,0.21163788806466802,0.22354497354497355,9.083774136812763e-05,0.06858249473293636,0.2640949018954456,9.083774136812763e-05,MeanReversion
PPG,0.26322751322751325,9.026069518713458e-05,0.0681468248662866,0.19258894708205404,0.2552910052910053,7.292971228046625e-05,0.05506193277175202,0.20370795042847484,9.026069518713458e-05,Momentum
SO,0.26587301587301587,7.776882002668107e-05,0.05871545912014421,0.21586318746355057,0.2156084656084656,8.344950286438756e-05,0.0630043746626126,0.42354428970157604,8.344950286438756e-05,MeanReversion
K,0.2751322751322751,-4.66346260031522e-05,-0.03520914263237991,0.18354618262834949,0.2208994708994709,8.122289037656812e-05,0.06132328223430893,0.13180144155705809,8.122289037656812e-05,MeanReversion
MHK,0.23412698412698413,5.80971942048125e-05,0.043863381624633435,0.4026689480586969,0.24206349206349206,-0.00019371707443184533,-0.14625639119604322,0.33050423861676326,5.80971942048125e-05,Momentum
DOW,0.24603174603174602,5.1482097146029135e-05,0.038868983345251996,0.33630132957038567,0.2566137566137566,-0.00026599643786075433,-0.20082731058486952,0.4046339617193879,5.1482097146029135e-05,Momentum
LUV,0.2275132275132275,4.325348263772833e-05,0.032656379391484885,0.22468900895573946,0.25925925925925924,-0.00020994840303571236,-0.15851104429196283,0.34827844334290675,4.325348263772833e-05,Momentum
NEM,0.24074074074074073,3.6145382231232485e-05,0.027289763584580524,0.23314083785307788,0.26455026455026454,-0.00013671634468497156,-0.10322084023715353,0.31348811134921,3.6145382231232485e-05,Momentum
TFC,0.24206349206349206,-0.0003255088678500567,-0.2457591952267928,0.43876405395549944,0.23015873015873015,3.478372949737423e-05,0.026261715770517544,0.3146430370083774,3.478372949737423e-05,MeanReversion
EIX,0.25793650793650796,-0.00020995380027767808,-0.15851511920964695,0.473529295106136,0.21825396825396826,2.056880516578912e-05,0.015529447900170787,0.18843726132600913,2.056880516578912e-05,MeanReversion
KMI,0.24603174603174602,1.8125861037936497e-05,0.013685025083642055,0.2360536560334307,0.24867724867724866,-0.0006281437437469556,-0.47424852652895144,0.5273787546902705,1.8125861037936497e-05,Momentum
STX,0.2671957671957672,1.5039782776189992e-05,0.011355035996023444,0.38943339877768396,0.23544973544973544,-0.00011307458511490489,-0.0853713117617532,0.4319488566981615,1.5039782776189992e-05,Momentum
RMD,0.2830687830687831,-0.00010022846422327858,-0.07567249048857533,0.26416135907630456,0.20634920634920634,1.0050137318158689e-05,0.00758785367520981,0.40452348833942736,1.0050137318158689e-05,MeanReversion
WDC,0.22354497354497355,5.344896356661557e-06,0.004035396749279475,0.25820359125540754,0.24338624338624337,-0.0005104073246924521,-0.38535753014280133,0.6518348862651762,5.344896356661557e-06,Momentum
WBD,0.24603174603174602,-7.4505044413269145e-06,-0.005625130853201821,0.8734431820546311,0.25132275132275134,-0.00014432589184745762,-0.10896604834483051,0.6577607328445236,-7.4505044413269145e-06,Momentum
FOX,0.23015873015873015,-0.0003767815223518171,-0.2844700493756219,0.41926309072339685,0.25132275132275134,-9.195290271656022e-06,-0.006942444155100296,0.2934422829128363,-9.195290271656022e-06,MeanReversion
DAL,0.21428571428571427,-1.5803824626621434e-05,-0.011931887593099183,0.3697204988145562,0.2619047619047619,-0.0004145222472101726,-0.3129642966436803,0.618863975837035,-1.5803824626621434e-05,Momentum
CNC,0.24867724867724866,-0.0002114888204807297,-0.15967405946295093,0.23495819091163478,0.23015873015873015,-2.2915917888851633e-05,-0.017301518006082983,0.31955895258950706,-2.2915917888851633e-05,MeanReversion
PSX,0.23677248677248677,-0.00028591235061733707,-0.21586382471608948,0.5271495758393766,0.23677248677248677,-5.1836399014979474e-05,-0.0391364812563095,0.5050715416735463,-5.1836399014979474e-05,MeanReversion
WBA,0.2328042328042328,-7.648476349360384e-05,-0.0577459964376709,0.33621665318226485,0.27116402116402116,-8.701460375858291e-05,-0.0656960258377301,0.3049526869917509,-7.648476349360384e-05,Momentum
DASH,0.22350674373795762,-0.0003781533014660932,-0.19588341015943628,0.651352843997397,0.2697495183044316,-7.977029250448632e-05,-0.04132101151732391,0.42039783761981975,-7.977029250448632e-05,MeanReversion
MTCH,0.22354497354497355,-8.619908142296569e-05,-0.0650803064743391,0.7035731311268614,0.2791005291005291,-0.00027908150472236577,-0.21070653606538614,0.575908874623047,-8.619908142296569e-05,Momentum
CHTR,0.2843915343915344,-8.676304760320031e-05,-0.06550610094041623,0.3980538506273397,0.23412698412698413,-0.00017483393536089277,-0.13199962119747405,0.537019003340342,-8.676304760320031e-05,Momentum
AKAM,0.2857142857142857,-0.0006979801239533892,-0.5269749935848088,0.6219653003639142,0.2156084656084656,-0.0001005429941247221,-0.07590996056416519,0.27051163061959543,-0.0001005429941247221,MeanReversion
BBY,0.2976190476190476,-0.000292026903595553,-0.22048031221464254,0.5827221711417406,0.21164021164021163,-0.0001937039021216554,-0.14624644610184984,0.5458184751855981,-0.0001937039021216554,MeanReversion
TTWO,0.26455026455026454,-0.00019610737011054909,-0.14806106443346456,0.33603628895948084,0.22883597883597884,-0.0005621539643018121,-0.42442624304786813,0.6234824894514817,-0.00019610737011054909,Momentum
EMN,0.25925925925925924,-0.00036319922693824427,-0.27421541633837443,0.5355112865362539,0.24074074074074073,-0.00025664910739436414,-0.19377007608274494,0.30016905888422685,-0.00025664910739436414,MeanReversion
FOXA,0.24206349206349206,-0.00038698436568038674,-0.29217319608869197,0.40163849220762093,0.24074074074074073,-0.00034794014280158445,-0.2626948078151963,0.37398430959594375,-0.00034794014280158445,MeanReversion
GPN,0.2619047619047619,-0.00039868338466971084,-0.3010059554256317,0.5214427823894958,0.2526455026455027,-0.000722544607399361,-0.5455211785865176,0.8343501815183603,-0.00039868338466971084,Momentum
COIN,0.19815668202764977,-0.000661934019717816,-0.28661743053781435,0.8777466688985255,0.31105990783410137,-0.003658424641960548,-1.5840978699689172,1.7481486202978815,-0.000661934019717816,Momentum
